Pool Id,RecordNumner,RemainingCoins,EmissionRate,MinUptime
1066,0,1210820.164179924392091898uosmo,37.525057870370370370,1m0s
1076,0,0.027367171332260624uosmo,0.030694444444444444,1m0s
1076,1,41241.000000000000000000uosmo,0.477326388888888888,1m0s
1077,0,787020.474328250217267497uosmo,3710.668298611111111111,1m0s
1077,1,24548228.336921296296361119ibc/961E7EF7011001130D1539FDBFA5248D228BEB18880920B913D9FB0BB0726C9F,115740.740740740740740740,24h0m0s
1077,2,8235137225.083333333333333386ibc/961E7EF7011001130D1539FDBFA5248D228BEB18880920B913D9FB0BB0726C9F,27777777.777777777777777777,24h0m0s
1077,3,8291007083.888888888888888939ibc/961E7EF7011001130D1539FDBFA5248D228BEB18880920B913D9FB0BB0726C9F,27777777.777777777777777777,24h0m0s
1077,4,8539534729.111111111111111154ibc/961E7EF7011001130D1539FDBFA5248D228BEB18880920B913D9FB0BB0726C9F,27777777.777777777777777777,24h0m0s
1077,5,8785777567.361111111111111147ibc/961E7EF7011001130D1539FDBFA5248D228BEB18880920B913D9FB0BB0726C9F,27777777.777777777777777777,24h0m0s
1077,6,9028557375.194444444444444473ibc/961E7EF7011001130D1539FDBFA5248D228BEB18880920B913D9FB0BB0726C9F,27777777.777777777777777777,24h0m0s
1077,7,9279766408.194444444444444465ibc/961E7EF7011001130D1539FDBFA5248D228BEB18880920B913D9FB0BB0726C9F,27777777.777777777777777777,24h0m0s
1077,8,10000000000.000000000000000000ibc/961E7EF7011001130D1539FDBFA5248D228BEB18880920B913D9FB0BB0726C9F,27777777.777777777777777777,24h0m0s
1078,0,210692.904567984549062500uosmo,5.402187500000000000,1m0s
1079,0,2213.978351293675669098uosmo,0.047627314814814814,1m0s
1080,-1,No remaining coins,No emission rate,No uptime
1081,-1,No remaining coins,No emission rate,No uptime
1088,-1,No remaining coins,No emission rate,No uptime
1089,-1,No remaining coins,No emission rate,No uptime
1090,-1,No remaining coins,No emission rate,No uptime
1091,-1,No remaining coins,No emission rate,No uptime
1092,-1,No remaining coins,No emission rate,No uptime
1093,-1,No remaining coins,No emission rate,No uptime
1094,-1,No remaining coins,No emission rate,No uptime
1095,-1,No remaining coins,No emission rate,No uptime
1096,-1,No remaining coins,No emission rate,No uptime
1097,-1,No remaining coins,No emission rate,No uptime
1098,-1,No remaining coins,No emission rate,No uptime
1099,-1,No remaining coins,No emission rate,No uptime
1100,-1,No remaining coins,No emission rate,No uptime
1101,-1,No remaining coins,No emission rate,No uptime
1102,-1,No remaining coins,No emission rate,No uptime
1103,-1,No remaining coins,No emission rate,No uptime
1104,-1,No remaining coins,No emission rate,No uptime
1105,-1,No remaining coins,No emission rate,No uptime
1106,-1,No remaining coins,No emission rate,No uptime
1107,-1,No remaining coins,No emission rate,No uptime
1108,-1,No remaining coins,No emission rate,No uptime
1109,-1,No remaining coins,No emission rate,No uptime
1110,-1,No remaining coins,No emission rate,No uptime
1111,-1,No remaining coins,No emission rate,No uptime
1112,-1,No remaining coins,No emission rate,No uptime
1113,-1,No remaining coins,No emission rate,No uptime
1114,-1,No remaining coins,No emission rate,No uptime
1115,-1,No remaining coins,No emission rate,No uptime
1116,-1,No remaining coins,No emission rate,No uptime
1117,-1,No remaining coins,No emission rate,No uptime
1123,-1,No remaining coins,No emission rate,No uptime
1124,-1,No remaining coins,No emission rate,No uptime
1125,-1,No remaining coins,No emission rate,No uptime
1126,-1,No remaining coins,No emission rate,No uptime
1127,-1,No remaining coins,No emission rate,No uptime
1128,-1,No remaining coins,No emission rate,No uptime
1129,-1,No remaining coins,No emission rate,No uptime
1130,-1,No remaining coins,No emission rate,No uptime
1131,-1,No remaining coins,No emission rate,No uptime
1133,-1,No remaining coins,No emission rate,No uptime
1134,0,89836770.905836179439551230uosmo,3692.092349537037037037,1m0s
1135,0,26800363.606592116734392884uosmo,796.516145833333333333,1m0s
1136,0,13700580.123771247342928629uosmo,419.945347222222222222,1m0s
1144,-1,No remaining coins,No emission rate,No uptime
1145,-1,No remaining coins,No emission rate,No uptime
1146,-1,No remaining coins,No emission rate,No uptime
1147,-1,No remaining coins,No emission rate,No uptime
1148,-1,No remaining coins,No emission rate,No uptime
1149,-1,No remaining coins,No emission rate,No uptime
1150,0,48382.635721092444444525uosmo,111116.222222222222222222,1m0s
1150,1,40001840.000000000000000000uosmo,111116.222222222222222222,1m0s
1151,-1,No remaining coins,No emission rate,No uptime
1152,-1,No remaining coins,No emission rate,No uptime
1153,-1,No remaining coins,No emission rate,No uptime
1154,-1,No remaining coins,No emission rate,No uptime
1155,-1,No remaining coins,No emission rate,No uptime
1156,-1,No remaining coins,No emission rate,No uptime
1157,-1,No remaining coins,No emission rate,No uptime
1158,-1,No remaining coins,No emission rate,No uptime
1159,-1,No remaining coins,No emission rate,No uptime
1160,-1,No remaining coins,No emission rate,No uptime
1161,-1,No remaining coins,No emission rate,No uptime
1162,-1,No remaining coins,No emission rate,No uptime
1163,-1,No remaining coins,No emission rate,No uptime
1164,-1,No remaining coins,No emission rate,No uptime
1165,-1,No remaining coins,No emission rate,No uptime
1166,-1,No remaining coins,No emission rate,No uptime
1167,-1,No remaining coins,No emission rate,No uptime
1168,-1,No remaining coins,No emission rate,No uptime
1169,-1,No remaining coins,No emission rate,No uptime
1170,-1,No remaining coins,No emission rate,No uptime
1171,-1,No remaining coins,No emission rate,No uptime
1172,-1,No remaining coins,No emission rate,No uptime
1181,-1,No remaining coins,No emission rate,No uptime
1182,-1,No remaining coins,No emission rate,No uptime
1183,-1,No remaining coins,No emission rate,No uptime
1184,-1,No remaining coins,No emission rate,No uptime
1185,-1,No remaining coins,No emission rate,No uptime
1186,-1,No remaining coins,No emission rate,No uptime
1187,-1,No remaining coins,No emission rate,No uptime
1188,-1,No remaining coins,No emission rate,No uptime
1189,-1,No remaining coins,No emission rate,No uptime
1190,-1,No remaining coins,No emission rate,No uptime
1191,-1,No remaining coins,No emission rate,No uptime
1192,-1,No remaining coins,No emission rate,No uptime
1193,-1,No remaining coins,No emission rate,No uptime
1194,-1,No remaining coins,No emission rate,No uptime
1195,-1,No remaining coins,No emission rate,No uptime
1196,-1,No remaining coins,No emission rate,No uptime
1197,-1,No remaining coins,No emission rate,No uptime
1198,-1,No remaining coins,No emission rate,No uptime
1199,-1,No remaining coins,No emission rate,No uptime
1200,-1,No remaining coins,No emission rate,No uptime
1201,-1,No remaining coins,No emission rate,No uptime
1202,-1,No remaining coins,No emission rate,No uptime
1203,-1,No remaining coins,No emission rate,No uptime
1204,-1,No remaining coins,No emission rate,No uptime
1205,-1,No remaining coins,No emission rate,No uptime
1206,-1,No remaining coins,No emission rate,No uptime
1207,-1,No remaining coins,No emission rate,No uptime
1208,-1,No remaining coins,No emission rate,No uptime
1209,-1,No remaining coins,No emission rate,No uptime
1213,-1,No remaining coins,No emission rate,No uptime
1214,-1,No remaining coins,No emission rate,No uptime
1215,-1,No remaining coins,No emission rate,No uptime
1216,-1,No remaining coins,No emission rate,No uptime
1220,0,31769221.027444992647134199uosmo,952.154178240740740740,1m0s
1221,0,33455886.840914295866021927uosmo,1038.429606481481481481,1m0s
1223,0,48382.635721092444444525uosmo,111116.222222222222222222,1m0s
1223,1,40001840.000000000000000000uosmo,111116.222222222222222222,1m0s
1224,-1,No remaining coins,No emission rate,No uptime
1227,0,1372998.229111429688521620uosmo,84.678078703703703703,1m0s
1227,1,125110563.509268244686324650ibc/01D2F0C4739C871BFBEE7E786709E6904A55559DC1483DD92ED392EF12247862,7716.049386574074074074,336h0m0s
1227,2,394304006.726781632894444563ibc/01D2F0C4739C871BFBEE7E786709E6904A55559DC1483DD92ED392EF12247862,1851851.852777777777777777,336h0m0s
1227,3,423611209.898842641880555661ibc/01D2F0C4739C871BFBEE7E786709E6904A55559DC1483DD92ED392EF12247862,1851851.852777777777777777,336h0m0s
1227,4,453298211.054426883191666759ibc/01D2F0C4739C871BFBEE7E786709E6904A55559DC1483DD92ED392EF12247862,1851851.852777777777777777,336h0m0s
1227,5,484626782.101572650188888968ibc/01D2F0C4739C871BFBEE7E786709E6904A55559DC1483DD92ED392EF12247862,1851851.852777777777777777,336h0m0s
1227,6,517148733.547463255533333398ibc/01D2F0C4739C871BFBEE7E786709E6904A55559DC1483DD92ED392EF12247862,1851851.852777777777777777,336h0m0s
1227,7,547900769.066542976988888940ibc/01D2F0C4739C871BFBEE7E786709E6904A55559DC1483DD92ED392EF12247862,1851851.852777777777777777,336h0m0s
1227,8,579093756.022880211200000038ibc/01D2F0C4739C871BFBEE7E786709E6904A55559DC1483DD92ED392EF12247862,1851851.852777777777777777,336h0m0s
1227,9,608063407.474402073955555581ibc/01D2F0C4739C871BFBEE7E786709E6904A55559DC1483DD92ED392EF12247862,1851851.852777777777777777,336h0m0s
1227,10,637209223.898234241419444457ibc/01D2F0C4739C871BFBEE7E786709E6904A55559DC1483DD92ED392EF12247862,1851851.852777777777777777,336h0m0s
1227,11,666666667.000000000000000000ibc/01D2F0C4739C871BFBEE7E786709E6904A55559DC1483DD92ED392EF12247862,1851851.852777777777777777,336h0m0s
1228,0,9.449969900953174319ibc/987C17B11ABC2B20019178ACE62929FE9840202CE79498E29FE8E5CB02B7C0A4,0.000578703703703703,1ns
1228,1,45.575434677638888918ibc/987C17B11ABC2B20019178ACE62929FE9840202CE79498E29FE8E5CB02B7C0A4,0.138888888888888888,1ns
1228,2,47.773474914444444459ibc/987C17B11ABC2B20019178ACE62929FE9840202CE79498E29FE8E5CB02B7C0A4,0.138888888888888888,1ns
1228,3,50.000000000000000000ibc/987C17B11ABC2B20019178ACE62929FE9840202CE79498E29FE8E5CB02B7C0A4,0.138888888888888888,1ns
1230,-1,No remaining coins,No emission rate,No uptime
1243,-1,No remaining coins,No emission rate,No uptime
1245,-1,No remaining coins,No emission rate,No uptime
1246,-1,No remaining coins,No emission rate,No uptime
1247,0,128299386.618193518921277778uosmo,3982.255266203703703703,1m0s
1248,0,112783180.265860339690284645uosmo,3497.585173611111111111,1m0s
1251,0,187356960.294770685335300661uosmo,5814.670532407407407407,1m0s
1252,-1,No remaining coins,No emission rate,No uptime
1253,-1,No remaining coins,No emission rate,No uptime
1258,-1,No remaining coins,No emission rate,No uptime
1259,-1,No remaining coins,No emission rate,No uptime
1260,0,394011.969933503512818251uosmo,11.464652777777777777,1m0s
1261,0,408782.193592130011049161uosmo,7.760347222222222222,1m0s
1262,-1,No remaining coins,No emission rate,No uptime
1263,0,664483875.122048294147521877uosmo,27308.815833333333333333,1m0s
1264,0,68503007.405597240519181301uosmo,2122.198009259259259259,1m0s
1265,0,90728838.657573526493397049uosmo,2762.111400462962962962,1m0s
1267,-1,No remaining coins,No emission rate,No uptime
1268,-1,No remaining coins,No emission rate,No uptime
1271,-1,No remaining coins,No emission rate,No uptime
1272,-1,No remaining coins,No emission rate,No uptime
1273,-1,No remaining coins,No emission rate,No uptime
1274,0,19347.872968395714743971uosmo,0.510300925925925925,1m0s
1275,0,13016.568909027863005161uosmo,0.376064814814814814,1m0s
1276,0,102.620575903241598286uosmo,0.001400462962962962,1m0s
1277,-1,No remaining coins,No emission rate,No uptime
1278,0,12260115.573940965861153997uosmo,380.098402777777777777,1m0s
1279,0,2217271.672865641214888294uosmo,67.675949074074074074,1m0s
1280,0,117.764427603307399744uosmo,0.001608796296296296,1ns
1280,1,139.000000000000000000uosmo,0.001608796296296296,1ns
1280,2,139.000000000000000000uosmo,0.001608796296296296,1ns
1280,3,139.000000000000000000uosmo,0.001608796296296296,1ns
1280,4,139.000000000000000000uosmo,0.001608796296296296,1ns
1280,5,139.000000000000000000uosmo,0.001608796296296296,1ns
1280,6,139.000000000000000000uosmo,0.001608796296296296,1ns
1280,7,139.000000000000000000uosmo,0.001608796296296296,1ns
1280,8,139.000000000000000000uosmo,0.001608796296296296,1ns
1280,9,139.000000000000000000uosmo,0.001608796296296296,1ns
1280,10,139.000000000000000000uosmo,0.001608796296296296,1ns
1280,11,139.000000000000000000uosmo,0.001608796296296296,1ns
1280,12,139.000000000000000000uosmo,0.001608796296296296,1ns
1280,13,139.000000000000000000uosmo,0.001608796296296296,1ns
1280,14,139.000000000000000000uosmo,0.001608796296296296,1ns
1280,15,139.000000000000000000uosmo,0.001608796296296296,1ns
1280,16,139.000000000000000000uosmo,0.001608796296296296,1ns
1280,17,139.000000000000000000uosmo,0.001608796296296296,1ns
1280,18,139.000000000000000000uosmo,0.001608796296296296,1ns
1280,19,139.000000000000000000uosmo,0.001608796296296296,1ns
1280,20,139.000000000000000000uosmo,0.001608796296296296,1ns
1280,21,139.000000000000000000uosmo,0.001608796296296296,1ns
1280,22,139.000000000000000000uosmo,0.001608796296296296,1ns
1280,23,139.000000000000000000uosmo,0.001608796296296296,1ns
1280,24,139.000000000000000000uosmo,0.001608796296296296,1ns
1280,25,139.000000000000000000uosmo,0.001608796296296296,1ns
1280,26,422.000000000000000000uosmo,0.004884259259259259,1ns
1280,27,422.000000000000000000uosmo,0.004884259259259259,1ns
1280,28,422.000000000000000000uosmo,0.004884259259259259,1ns
1280,29,422.000000000000000000uosmo,0.004884259259259259,1ns
1280,30,422.000000000000000000uosmo,0.004884259259259259,1ns
1280,31,422.000000000000000000uosmo,0.004884259259259259,1ns
1280,32,422.000000000000000000uosmo,0.004884259259259259,1ns
1280,33,422.000000000000000000uosmo,0.004884259259259259,1ns
1280,34,422.000000000000000000uosmo,0.004884259259259259,1ns
1280,35,422.000000000000000000uosmo,0.004884259259259259,1ns
1280,36,422.000000000000000000uosmo,0.004884259259259259,1ns
1280,37,422.000000000000000000uosmo,0.004884259259259259,1ns
1280,38,4618439.000000000000000000uosmo,53.454155092592592592,1m0s
1280,39,4618439.000000000000000000uosmo,53.454155092592592592,1m0s
1280,40,4618439.000000000000000000uosmo,53.454155092592592592,1m0s
1280,41,4618439.000000000000000000uosmo,53.454155092592592592,1m0s
1280,42,4618439.000000000000000000uosmo,53.454155092592592592,1m0s
1280,43,422.000000000000000000uosmo,0.004884259259259259,1m0s
1280,44,422.000000000000000000uosmo,0.004884259259259259,1m0s
1280,45,422.000000000000000000uosmo,0.004884259259259259,1m0s
1280,46,422.000000000000000000uosmo,0.004884259259259259,1m0s
1280,47,422.000000000000000000uosmo,0.004884259259259259,1m0s
1280,48,422.000000000000000000uosmo,0.004884259259259259,1m0s
1280,49,422.000000000000000000uosmo,0.004884259259259259,1m0s
1280,50,422.000000000000000000uosmo,0.004884259259259259,1m0s
1280,51,422.000000000000000000uosmo,0.004884259259259259,1m0s
1280,52,422.000000000000000000uosmo,0.004884259259259259,1m0s
1280,53,422.000000000000000000uosmo,0.004884259259259259,1m0s
1280,54,422.000000000000000000uosmo,0.004884259259259259,1m0s
1280,55,422.000000000000000000uosmo,0.004884259259259259,1m0s
1280,56,422.000000000000000000uosmo,0.004884259259259259,1m0s
1280,57,422.000000000000000000uosmo,0.004884259259259259,1m0s
1280,58,4618439.000000000000000000uosmo,53.454155092592592592,1m0s
1280,59,4618439.000000000000000000uosmo,53.454155092592592592,1m0s
1281,0,166838579.147271162518750000uosmo,5087.018750000000000000,1m0s
1282,0,109933590.253643157644286617uosmo,3410.178043981481481481,1m0s
1283,0,20482172.758143078350255191uosmo,607.112013888888888888,1m0s
1292,0,1921.771361821291789856uosmo,0.033321759259259259,1ns
1292,1,2879.000000000000000000uosmo,0.033321759259259259,1ns
1292,2,877.000000000000000000uosmo,0.010150462962962962,1m0s
1292,3,877.000000000000000000uosmo,0.010150462962962962,1m0s
1292,4,877.000000000000000000uosmo,0.010150462962962962,1m0s
1292,5,877.000000000000000000uosmo,0.010150462962962962,1m0s
1292,6,877.000000000000000000uosmo,0.010150462962962962,1m0s
1292,7,877.000000000000000000uosmo,0.010150462962962962,1m0s
1292,8,877.000000000000000000uosmo,0.010150462962962962,1m0s
1292,9,877.000000000000000000uosmo,0.010150462962962962,1m0s
1292,10,877.000000000000000000uosmo,0.010150462962962962,1m0s
1292,11,2879.000000000000000000uosmo,0.033321759259259259,1m0s
1292,12,2879.000000000000000000uosmo,0.033321759259259259,1m0s
1292,13,2879.000000000000000000uosmo,0.033321759259259259,1m0s
1292,14,2879.000000000000000000uosmo,0.033321759259259259,1m0s
1292,15,2879.000000000000000000uosmo,0.033321759259259259,1m0s
1292,16,2879.000000000000000000uosmo,0.033321759259259259,1m0s
1292,17,2879.000000000000000000uosmo,0.033321759259259259,1m0s
1292,18,2879.000000000000000000uosmo,0.033321759259259259,1m0s
1292,19,2879.000000000000000000uosmo,0.033321759259259259,1m0s
1292,20,2879.000000000000000000uosmo,0.033321759259259259,1m0s
1292,21,2879.000000000000000000uosmo,0.033321759259259259,1m0s
1292,22,2879.000000000000000000uosmo,0.033321759259259259,1m0s
1292,23,2879.000000000000000000uosmo,0.033321759259259259,1m0s
1292,24,2879.000000000000000000uosmo,0.033321759259259259,1m0s
1292,25,2879.000000000000000000uosmo,0.033321759259259259,1m0s
1292,26,877.000000000000000000uosmo,0.010150462962962962,1m0s
1292,27,877.000000000000000000uosmo,0.010150462962962962,1m0s
1293,-1,No remaining coins,No emission rate,No uptime
1294,-1,No remaining coins,No emission rate,No uptime
1297,-1,No remaining coins,No emission rate,No uptime
1298,-1,No remaining coins,No emission rate,No uptime
1299,-1,No remaining coins,No emission rate,No uptime
1301,-1,No remaining coins,No emission rate,No uptime
1302,-1,No remaining coins,No emission rate,No uptime
1303,-1,No remaining coins,No emission rate,No uptime
1304,-1,No remaining coins,No emission rate,No uptime
1305,-1,No remaining coins,No emission rate,No uptime
1312,-1,No remaining coins,No emission rate,No uptime
1314,-1,No remaining coins,No emission rate,No uptime
1315,-1,No remaining coins,No emission rate,No uptime
1316,-1,No remaining coins,No emission rate,No uptime
1317,-1,No remaining coins,No emission rate,No uptime
1318,-1,No remaining coins,No emission rate,No uptime
1319,-1,No remaining coins,No emission rate,No uptime
1321,0,9492823.436592103510618346uosmo,292.550706018518518518,1m0s
1322,0,883.037183721545158606uosmo,0.026620370370370370,1m0s
1323,-1,No remaining coins,No emission rate,No uptime
1324,-1,No remaining coins,No emission rate,No uptime
1325,0,156872820.762528113528958391factory/osmo1mlng7pz4pnyxtpq0akfwall37czyk9lukaucsrn30ameplhhshtqdvfm5c/ulvn,19290.123460648148148148,24h0m0s
1325,1,1666666667.000000000000000000factory/osmo1mlng7pz4pnyxtpq0akfwall37czyk9lukaucsrn30ameplhhshtqdvfm5c/ulvn,4629629.630555555555555555,24h0m0s
1331,-1,No remaining coins,No emission rate,No uptime
1332,-1,No remaining coins,No emission rate,No uptime
1334,-1,No remaining coins,No emission rate,No uptime
1335,0,13857943.069644474912196283uosmo,425.264780092592592592,1m0s
1336,-1,No remaining coins,No emission rate,No uptime
1337,0,156872820.762528113528958385factory/osmo1mlng7pz4pnyxtpq0akfwall37czyk9lukaucsrn30ameplhhshtqdvfm5c/ulvn,19290.123460648148148148,24h0m0s
1337,1,1666666667.000000000000000000factory/osmo1mlng7pz4pnyxtpq0akfwall37czyk9lukaucsrn30ameplhhshtqdvfm5c/ulvn,4629629.630555555555555555,24h0m0s
1347,0,4431707.019312794698109986uosmo,132.873807870370370370,1m0s
1348,0,32168.284113630225147444uosmo,0.654039351851851851,1m0s
1349,-1,No remaining coins,No emission rate,No uptime
1350,-1,No remaining coins,No emission rate,No uptime
1351,-1,No remaining coins,No emission rate,No uptime
1358,-1,No remaining coins,No emission rate,No uptime
1359,-1,No remaining coins,No emission rate,No uptime
1360,-1,No remaining coins,No emission rate,No uptime
1361,-1,No remaining coins,No emission rate,No uptime
1370,-1,No remaining coins,No emission rate,No uptime
1372,-1,No remaining coins,No emission rate,No uptime
1373,-1,No remaining coins,No emission rate,No uptime
1376,-1,No remaining coins,No emission rate,No uptime
1378,-1,No remaining coins,No emission rate,No uptime
1379,-1,No remaining coins,No emission rate,No uptime
1384,-1,No remaining coins,No emission rate,No uptime
1387,-1,No remaining coins,No emission rate,No uptime
1388,-1,No remaining coins,No emission rate,No uptime
1397,-1,No remaining coins,No emission rate,No uptime
1398,-1,No remaining coins,No emission rate,No uptime
1399,0,43127333.254691808659053711uosmo,1336.451412037037037037,1m0s
1400,0,272624638.485071547225254787uosmo,8461.933692129629629629,1m0s
1407,-1,No remaining coins,No emission rate,No uptime
1409,-1,No remaining coins,No emission rate,No uptime
1410,-1,No remaining coins,No emission rate,No uptime
1416,-1,No remaining coins,No emission rate,No uptime
1417,-1,No remaining coins,No emission rate,No uptime
1418,-1,No remaining coins,No emission rate,No uptime
1419,-1,No remaining coins,No emission rate,No uptime
1422,0,48382.635721092444444525uosmo,111116.222222222222222222,1m0s
1422,1,40001840.000000000000000000uosmo,111116.222222222222222222,1m0s
1423,0,62308334.539362190089687500ibc/A8CA5EE328FA10C9519DF6057DA1F69682D28F7D0F5CCC7ECB72E3DCA2D157A4,3858.024687500000000000,1ns
1423,1,137884693.922300491125000000ibc/A8CA5EE328FA10C9519DF6057DA1F69682D28F7D0F5CCC7ECB72E3DCA2D157A4,925925.925000000000000000,1ns
1423,2,152538295.486350593250000000ibc/A8CA5EE328FA10C9519DF6057DA1F69682D28F7D0F5CCC7ECB72E3DCA2D157A4,925925.925000000000000000,1ns
1423,3,167381796.041877463050000000ibc/A8CA5EE328FA10C9519DF6057DA1F69682D28F7D0F5CCC7ECB72E3DCA2D157A4,925925.925000000000000000,1ns
1423,4,183046081.541953918275000000ibc/A8CA5EE328FA10C9519DF6057DA1F69682D28F7D0F5CCC7ECB72E3DCA2D157A4,925925.925000000000000000,1ns
1423,5,199307057.838428929694444561ibc/A8CA5EE328FA10C9519DF6057DA1F69682D28F7D0F5CCC7ECB72E3DCA2D157A4,925925.927777777777777777,1ns
1423,6,214683075.621032817050000103ibc/A8CA5EE328FA10C9519DF6057DA1F69682D28F7D0F5CCC7ECB72E3DCA2D157A4,925925.927777777777777777,1ns
1423,7,230279569.122596174361111201ibc/A8CA5EE328FA10C9519DF6057DA1F69682D28F7D0F5CCC7ECB72E3DCA2D157A4,925925.927777777777777777,1ns
1423,8,244764394.870084344316666744ibc/A8CA5EE328FA10C9519DF6057DA1F69682D28F7D0F5CCC7ECB72E3DCA2D157A4,925925.927777777777777777,1ns
1423,9,259337303.103859790355555620ibc/A8CA5EE328FA10C9519DF6057DA1F69682D28F7D0F5CCC7ECB72E3DCA2D157A4,925925.927777777777777777,1ns
1423,10,274066024.676835751961111163ibc/A8CA5EE328FA10C9519DF6057DA1F69682D28F7D0F5CCC7ECB72E3DCA2D157A4,925925.927777777777777777,1ns
1423,11,288433764.057423082516666706ibc/A8CA5EE328FA10C9519DF6057DA1F69682D28F7D0F5CCC7ECB72E3DCA2D157A4,925925.927777777777777777,1ns
1423,12,303795117.727960604611111137ibc/A8CA5EE328FA10C9519DF6057DA1F69682D28F7D0F5CCC7ECB72E3DCA2D157A4,925925.927777777777777777,1ns
1423,13,318925481.123036146155555568ibc/A8CA5EE328FA10C9519DF6057DA1F69682D28F7D0F5CCC7ECB72E3DCA2D157A4,925925.927777777777777777,1ns
1423,14,333333334.000000000000000000ibc/A8CA5EE328FA10C9519DF6057DA1F69682D28F7D0F5CCC7ECB72E3DCA2D157A4,925925.927777777777777777,1ns
1423,15,62308334.539362190089687500ibc/A8CA5EE328FA10C9519DF6057DA1F69682D28F7D0F5CCC7ECB72E3DCA2D157A4,3858.024687500000000000,1h0m0s
1423,16,137884693.922300491125000000ibc/A8CA5EE328FA10C9519DF6057DA1F69682D28F7D0F5CCC7ECB72E3DCA2D157A4,925925.925000000000000000,1h0m0s
1423,17,152538295.486350593250000000ibc/A8CA5EE328FA10C9519DF6057DA1F69682D28F7D0F5CCC7ECB72E3DCA2D157A4,925925.925000000000000000,1h0m0s
1423,18,167381796.041877463050000000ibc/A8CA5EE328FA10C9519DF6057DA1F69682D28F7D0F5CCC7ECB72E3DCA2D157A4,925925.925000000000000000,1h0m0s
1423,19,183046082.091092163450000131ibc/A8CA5EE328FA10C9519DF6057DA1F69682D28F7D0F5CCC7ECB72E3DCA2D157A4,925925.927777777777777777,1h0m0s
1423,20,199307057.838428929694444561ibc/A8CA5EE328FA10C9519DF6057DA1F69682D28F7D0F5CCC7ECB72E3DCA2D157A4,925925.927777777777777777,1h0m0s
1423,21,214683075.621032817050000103ibc/A8CA5EE328FA10C9519DF6057DA1F69682D28F7D0F5CCC7ECB72E3DCA2D157A4,925925.927777777777777777,1h0m0s
1423,22,230279569.122596174361111201ibc/A8CA5EE328FA10C9519DF6057DA1F69682D28F7D0F5CCC7ECB72E3DCA2D157A4,925925.927777777777777777,1h0m0s
1423,23,244764394.870084344316666744ibc/A8CA5EE328FA10C9519DF6057DA1F69682D28F7D0F5CCC7ECB72E3DCA2D157A4,925925.927777777777777777,1h0m0s
1423,24,259337303.103859790355555620ibc/A8CA5EE328FA10C9519DF6057DA1F69682D28F7D0F5CCC7ECB72E3DCA2D157A4,925925.927777777777777777,1h0m0s
1423,25,274066024.676835751961111163ibc/A8CA5EE328FA10C9519DF6057DA1F69682D28F7D0F5CCC7ECB72E3DCA2D157A4,925925.927777777777777777,1h0m0s
1423,26,288433764.057423082516666706ibc/A8CA5EE328FA10C9519DF6057DA1F69682D28F7D0F5CCC7ECB72E3DCA2D157A4,925925.927777777777777777,1h0m0s
1423,27,303795117.727960604611111137ibc/A8CA5EE328FA10C9519DF6057DA1F69682D28F7D0F5CCC7ECB72E3DCA2D157A4,925925.927777777777777777,1h0m0s
1423,28,318925481.123036146155555568ibc/A8CA5EE328FA10C9519DF6057DA1F69682D28F7D0F5CCC7ECB72E3DCA2D157A4,925925.927777777777777777,1h0m0s
1427,-1,No remaining coins,No emission rate,No uptime
1428,0,22093020.585283451007948073uosmo,666.765682870370370370,1m0s
1430,-1,No remaining coins,No emission rate,No uptime
1431,0,244201.307022623885023408uosmo,15.060833333333333333,1m0s
1431,1,62555281.660801199758125000ibc/903A61A498756EA560B85A85132D3AEE21B5DEDD41213725D22ABF276EA6945E,3858.024687500000000000,1h0m0s
1431,2,197152003.659118821344444563ibc/903A61A498756EA560B85A85132D3AEE21B5DEDD41213725D22ABF276EA6945E,925925.927777777777777777,1h0m0s
1431,3,211805605.267129728205555661ibc/903A61A498756EA560B85A85132D3AEE21B5DEDD41213725D22ABF276EA6945E,925925.927777777777777777,1h0m0s
1431,4,226649105.867187099716666759ibc/903A61A498756EA560B85A85132D3AEE21B5DEDD41213725D22ABF276EA6945E,925925.927777777777777777,1h0m0s
1431,5,242313391.414256411488888968ibc/903A61A498756EA560B85A85132D3AEE21B5DEDD41213725D22ABF276EA6945E,925925.927777777777777777,1h0m0s
1431,6,258574367.161593177733333398ibc/903A61A498756EA560B85A85132D3AEE21B5DEDD41213725D22ABF276EA6945E,925925.927777777777777777,1h0m0s
1431,7,273950384.944197065088888940ibc/903A61A498756EA560B85A85132D3AEE21B5DEDD41213725D22ABF276EA6945E,925925.927777777777777777,1h0m0s
1431,8,289546878.445760422400000038ibc/903A61A498756EA560B85A85132D3AEE21B5DEDD41213725D22ABF276EA6945E,925925.927777777777777777,1h0m0s
1431,9,304031704.193248592355555581ibc/903A61A498756EA560B85A85132D3AEE21B5DEDD41213725D22ABF276EA6945E,925925.927777777777777777,1h0m0s
1431,10,318604612.427024038394444457ibc/903A61A498756EA560B85A85132D3AEE21B5DEDD41213725D22ABF276EA6945E,925925.927777777777777777,1h0m0s
1431,11,333333334.000000000000000000ibc/903A61A498756EA560B85A85132D3AEE21B5DEDD41213725D22ABF276EA6945E,925925.927777777777777777,1h0m0s
1431,12,62555281.660801199758125000ibc/903A61A498756EA560B85A85132D3AEE21B5DEDD41213725D22ABF276EA6945E,3858.024687500000000000,24h0m0s
1431,13,197152003.659118821344444563ibc/903A61A498756EA560B85A85132D3AEE21B5DEDD41213725D22ABF276EA6945E,925925.927777777777777777,24h0m0s
1431,14,211805605.267129728205555661ibc/903A61A498756EA560B85A85132D3AEE21B5DEDD41213725D22ABF276EA6945E,925925.927777777777777777,24h0m0s
1431,15,226649105.867187099716666759ibc/903A61A498756EA560B85A85132D3AEE21B5DEDD41213725D22ABF276EA6945E,925925.927777777777777777,24h0m0s
1431,16,242313391.414256411488888968ibc/903A61A498756EA560B85A85132D3AEE21B5DEDD41213725D22ABF276EA6945E,925925.927777777777777777,24h0m0s
1431,17,258574367.161593177733333398ibc/903A61A498756EA560B85A85132D3AEE21B5DEDD41213725D22ABF276EA6945E,925925.927777777777777777,24h0m0s
1431,18,273950384.944197065088888940ibc/903A61A498756EA560B85A85132D3AEE21B5DEDD41213725D22ABF276EA6945E,925925.927777777777777777,24h0m0s
1431,19,289546878.445760422400000038ibc/903A61A498756EA560B85A85132D3AEE21B5DEDD41213725D22ABF276EA6945E,925925.927777777777777777,24h0m0s
1431,20,304031704.193248592355555581ibc/903A61A498756EA560B85A85132D3AEE21B5DEDD41213725D22ABF276EA6945E,925925.927777777777777777,24h0m0s
1431,21,318604612.427024038394444457ibc/903A61A498756EA560B85A85132D3AEE21B5DEDD41213725D22ABF276EA6945E,925925.927777777777777777,24h0m0s
1431,22,333333334.000000000000000000ibc/903A61A498756EA560B85A85132D3AEE21B5DEDD41213725D22ABF276EA6945E,925925.927777777777777777,24h0m0s
1432,0,0.203778104184601037uosmo,0.228553240740740740,1m0s
1432,1,30217.000000000000000000uosmo,0.349733796296296296,1m0s
1433,0,11.051033022869115676uosmo,12.394606481481481481,1m0s
1433,1,71754.000000000000000000uosmo,0.830486111111111111,1m0s
1434,0,61473504.305880211411274247uosmo,1886.185694444444444444,1m0s
1435,0,1082433.158157870745031767uosmo,32.821967592592592592,1m0s
1436,0,93554464.538418930541049542uosmo,2903.815590277777777777,1m0s
1437,0,9542265.226626099514877505uosmo,296.146608796296296296,1m0s
1438,0,5.173241576378710104uosmo,5.802199074074074074,1m0s
1438,1,635560.000000000000000000uosmo,7.356018518518518518,1m0s
1439,0,0.016965169558956089uosmo,0.019027777777777777,1m0s
1439,1,3851.000000000000000000uosmo,0.044571759259259259,1m0s
1440,0,2718788.259479510633336898uosmo,70.974074074074074074,1m0s
1441,0,34119054.130785094723020043uosmo,1057.298344907407407407,1m0s
1447,-1,No remaining coins,No emission rate,No uptime
1449,-1,No remaining coins,No emission rate,No uptime
1450,-1,No remaining coins,No emission rate,No uptime
1464,0,388471669.204104782181336383uosmo,12057.683136574074074074,1m0s
1465,0,0.658886320660325778uosmo,0.738993055555555555,1m0s
1465,1,883370.000000000000000000uosmo,10.224189814814814814,1m0s
1472,-1,No remaining coins,No emission rate,No uptime
1474,-1,No remaining coins,No emission rate,No uptime
1475,0,12314769.139129303541119037uosmo,359.848217592592592592,1m0s
1476,0,11476834.655880585500548799uosmo,344.858865740740740740,1m0s
1477,0,90616686.328868817902180334uosmo,2756.195011574074074074,1m0s
1478,0,176485.469891389681949786uosmo,3.504398148148148148,1m0s
1479,-1,No remaining coins,No emission rate,No uptime
1480,-1,No remaining coins,No emission rate,No uptime
1481,-1,No remaining coins,No emission rate,No uptime
1482,-1,No remaining coins,No emission rate,No uptime
1483,-1,No remaining coins,No emission rate,No uptime
1490,-1,No remaining coins,No emission rate,No uptime
1492,-1,No remaining coins,No emission rate,No uptime
1500,-1,No remaining coins,No emission rate,No uptime
1501,-1,No remaining coins,No emission rate,No uptime
1502,-1,No remaining coins,No emission rate,No uptime
1503,-1,No remaining coins,No emission rate,No uptime
1504,-1,No remaining coins,No emission rate,No uptime
1506,-1,No remaining coins,No emission rate,No uptime
1507,-1,No remaining coins,No emission rate,No uptime
1512,-1,No remaining coins,No emission rate,No uptime
1516,-1,No remaining coins,No emission rate,No uptime
1517,-1,No remaining coins,No emission rate,No uptime
1565,-1,No remaining coins,No emission rate,No uptime
1566,-1,No remaining coins,No emission rate,No uptime
1580,-1,No remaining coins,No emission rate,No uptime
1581,-1,No remaining coins,No emission rate,No uptime
1588,-1,No remaining coins,No emission rate,No uptime
1589,-1,No remaining coins,No emission rate,No uptime
1590,-1,No remaining coins,No emission rate,No uptime
1591,-1,No remaining coins,No emission rate,No uptime
1592,-1,No remaining coins,No emission rate,No uptime
1593,-1,No remaining coins,No emission rate,No uptime
1594,-1,No remaining coins,No emission rate,No uptime
1597,-1,No remaining coins,No emission rate,No uptime
1598,-1,No remaining coins,No emission rate,No uptime
1600,-1,No remaining coins,No emission rate,No uptime
1604,-1,No remaining coins,No emission rate,No uptime
1605,-1,No remaining coins,No emission rate,No uptime
1609,-1,No remaining coins,No emission rate,No uptime
1610,-1,No remaining coins,No emission rate,No uptime
1619,-1,No remaining coins,No emission rate,No uptime
1620,-1,No remaining coins,No emission rate,No uptime
1621,-1,No remaining coins,No emission rate,No uptime
1623,0,946840558.979629629629655626ibc/E7905742CE2EA4EA5D592527DC89220C59B617DE803939FE7293805A64B484D7,57870.370370370370370370,24h0m0s
1623,1,5000000000.000000000000000000ibc/E7905742CE2EA4EA5D592527DC89220C59B617DE803939FE7293805A64B484D7,13888888.888888888888888888,24h0m0s
1633,-1,No remaining coins,No emission rate,No uptime
1634,-1,No remaining coins,No emission rate,No uptime
1636,-1,No remaining coins,No emission rate,No uptime
1637,-1,No remaining coins,No emission rate,No uptime
1641,-1,No remaining coins,No emission rate,No uptime
1645,-1,No remaining coins,No emission rate,No uptime
1646,-1,No remaining coins,No emission rate,No uptime
1647,-1,No remaining coins,No emission rate,No uptime
1648,-1,No remaining coins,No emission rate,No uptime
1650,-1,No remaining coins,No emission rate,No uptime
1651,-1,No remaining coins,No emission rate,No uptime
1652,-1,No remaining coins,No emission rate,No uptime
1653,-1,No remaining coins,No emission rate,No uptime
1655,-1,No remaining coins,No emission rate,No uptime
1656,-1,No remaining coins,No emission rate,No uptime
1657,-1,No remaining coins,No emission rate,No uptime
1661,-1,No remaining coins,No emission rate,No uptime
1664,-1,No remaining coins,No emission rate,No uptime
1670,-1,No remaining coins,No emission rate,No uptime
1671,0,1412540.089862117211111390ibc/094FB70C3006906F67F5D674073D2DAFAFB41537E7033098F5C752F211E7B6C2,925925.927777777777777777,24h0m0s
1671,1,333333334.000000000000000000ibc/094FB70C3006906F67F5D674073D2DAFAFB41537E7033098F5C752F211E7B6C2,925925.927777777777777777,24h0m0s
1672,-1,No remaining coins,No emission rate,No uptime
1674,0,62246677.686491748177187500ibc/A8CA5EE328FA10C9519DF6057DA1F69682D28F7D0F5CCC7ECB72E3DCA2D157A4,3858.024687500000000000,1ns
1674,1,123087049.233394432125000000ibc/A8CA5EE328FA10C9519DF6057DA1F69682D28F7D0F5CCC7ECB72E3DCA2D157A4,925925.925000000000000000,1ns
1674,2,137740650.797444534250000000ibc/A8CA5EE328FA10C9519DF6057DA1F69682D28F7D0F5CCC7ECB72E3DCA2D157A4,925925.925000000000000000,1ns
1674,3,152584151.352971404050000000ibc/A8CA5EE328FA10C9519DF6057DA1F69682D28F7D0F5CCC7ECB72E3DCA2D157A4,925925.925000000000000000,1ns
1674,4,168248436.853047859275000000ibc/A8CA5EE328FA10C9519DF6057DA1F69682D28F7D0F5CCC7ECB72E3DCA2D157A4,925925.925000000000000000,1ns
1674,5,184509412.551601698375000000ibc/A8CA5EE328FA10C9519DF6057DA1F69682D28F7D0F5CCC7ECB72E3DCA2D157A4,925925.925000000000000000,1ns
1674,6,199885430.887733823938889005ibc/A8CA5EE328FA10C9519DF6057DA1F69682D28F7D0F5CCC7ECB72E3DCA2D157A4,925925.927777777777777777,1ns
1674,7,215481924.389297181250000103ibc/A8CA5EE328FA10C9519DF6057DA1F69682D28F7D0F5CCC7ECB72E3DCA2D157A4,925925.927777777777777777,1ns
1674,8,229966750.136785351205555646ibc/A8CA5EE328FA10C9519DF6057DA1F69682D28F7D0F5CCC7ECB72E3DCA2D157A4,925925.927777777777777777,1ns
1674,9,244539658.370560797244444522ibc/A8CA5EE328FA10C9519DF6057DA1F69682D28F7D0F5CCC7ECB72E3DCA2D157A4,925925.927777777777777777,1ns
1674,10,259268379.943536758850000065ibc/A8CA5EE328FA10C9519DF6057DA1F69682D28F7D0F5CCC7ECB72E3DCA2D157A4,925925.927777777777777777,1ns
1674,11,273636119.324124089405555608ibc/A8CA5EE328FA10C9519DF6057DA1F69682D28F7D0F5CCC7ECB72E3DCA2D157A4,925925.927777777777777777,1ns
1674,12,288997472.994661611500000039ibc/A8CA5EE328FA10C9519DF6057DA1F69682D28F7D0F5CCC7ECB72E3DCA2D157A4,925925.927777777777777777,1ns
1674,13,304127836.389737153044444470ibc/A8CA5EE328FA10C9519DF6057DA1F69682D28F7D0F5CCC7ECB72E3DCA2D157A4,925925.927777777777777777,1ns
1674,14,318535689.266701006888888902ibc/A8CA5EE328FA10C9519DF6057DA1F69682D28F7D0F5CCC7ECB72E3DCA2D157A4,925925.927777777777777777,1ns
1674,15,333333334.000000000000000000ibc/A8CA5EE328FA10C9519DF6057DA1F69682D28F7D0F5CCC7ECB72E3DCA2D157A4,925925.927777777777777777,1ns
1675,-1,No remaining coins,No emission rate,No uptime
1679,-1,No remaining coins,No emission rate,No uptime
1684,-1,No remaining coins,No emission rate,No uptime
1686,-1,No remaining coins,No emission rate,No uptime
1696,-1,No remaining coins,No emission rate,No uptime
1697,-1,No remaining coins,No emission rate,No uptime
