Pool Id,Spread Reward Denom,Spread Reward Amount
1066,ibc/0CD3A0285E1341859B5E86B6AB7682F023D03E97607CCC1DC95706411D866DF7,23538.522012652555833602
1066,uosmo,0.000000029765567609
1076,ibc/4ABBEF4C8926DDDB320AE5188CFD63267ABBCEFC0583E4AE05D6E5AA2401DDAB,7.733766834896388738
1076,uosmo,0.238691219874020921
1077,ibc/4ABBEF4C8926DDDB320AE5188CFD63267ABBCEFC0583E4AE05D6E5AA2401DDAB,0.046078592297943210
1077,uosmo,0.053266412692863807
1078,ibc/27394FB092D2ECCD56123C74F36E4C1F926001CEADA9CA97EA622B25F41E5EB2,0.034282993737049751
1078,ibc/4ABBEF4C8926DDDB320AE5188CFD63267ABBCEFC0583E4AE05D6E5AA2401DDAB,0.234258679622879237
1079,ibc/27394FB092D2ECCD56123C74F36E4C1F926001CEADA9CA97EA622B25F41E5EB2,0.007237607168183354
1079,ibc/4ABBEF4C8926DDDB320AE5188CFD63267ABBCEFC0583E4AE05D6E5AA2401DDAB,0.058343839694427004
1080,ibc/4ABBEF4C8926DDDB320AE5188CFD63267ABBCEFC0583E4AE05D6E5AA2401DDAB,0.000040173994020097
1080,ibc/D189335C6E4A68B513C10AB227BF1C1D38C746766278BA3EEB4FB14124F1D858,0.000040203227924922
1081,ibc/4ABBEF4C8926DDDB320AE5188CFD63267ABBCEFC0583E4AE05D6E5AA2401DDAB,0.022849236919508149
1081,ibc/D189335C6E4A68B513C10AB227BF1C1D38C746766278BA3EEB4FB14124F1D858,0.000542273346657703
1088,ibc/92BE0717F4678905E53F4E45B2DED18BC0CB97BF1F8B6A25AFEDF3D5A879B4D5,0.034650027370252155
1088,uosmo,0.033212825676556753
1089,ibc/23CA6C8D1AB2145DD13EB1E089A2E3F960DC298B468CCE034E19E5A78B61136E,0.000774395761468348
1089,uosmo,0.001205038792451586
1090,ibc/D1542AA8762DB13087D8364F3EA6509FD6F009A34F00426AF9E4F9FA85CBBF1F,0.001232227027712765
1090,uosmo,0.620928916216720335
1091,ibc/3FF92D26B407FD61AE95D975712A7C319CDE28DE4D80BDC9978D935932B991D7,0.747164077380157743
1091,uosmo,0.000534518728309485
1092,ibc/E6931F78057F7CC5DA0FD6CEF82FF39373A6E0452BF1FD76910B93292CF356C1,0.840387187289553781
1092,uosmo,0.000937867787060334
1093,ibc/1480B8FD20AD5FCAE81EA87584D269547DD4D436843C1D20F15E00EB64743EF4,0.070169355045737255
1093,uosmo,0.533749563150153798
1094,ibc/903A61A498756EA560B85A85132D3AEE21B5DEDD41213725D22ABF276EA6945E,0.055400490049570579
1094,uosmo,0.056879131930268696
1095,ibc/0954E1C28EB7AF5B72D24F3BC2B47BBB2FDF91BDDFD57B74B99E133AED40972A,0.128037257069188336
1095,uosmo,0.052818166334743851
1096,ibc/987C17B11ABC2B20019178ACE62929FE9840202CE79498E29FE8E5CB02B7C0A4,0.397603572697758740
1096,uosmo,0.009382513011389977
1097,ibc/46B44899322F3CD854D2D46DEEF881958467CDD4B3B10086DA49296BBED94BED,0.097011738360456148
1097,uosmo,0.042574018960062881
1098,ibc/A8CA5EE328FA10C9519DF6057DA1F69682D28F7D0F5CCC7ECB72E3DCA2D157A4,0.052355469852776205
1098,uosmo,0.122140305537505133
1099,ibc/573FCD90FACEE750F55A8864EF7D38265F07E5A9273FA0E8DAFD39951332B580,0.188856409299169083
1099,uosmo,0.018932477396701476
1100,uion,0.003325614496851243
1100,uosmo,1.334469272795371087
1101,ibc/A0CC0CF735BFB30E730C70019D4218A1244FF383503FF7579C9201AB93CA9293,0.117921905501577975
1101,uosmo,0.035067455657677272
1102,ibc/3BCCC93AD5DF58D11A6F8A05FA8BC801CBA0BA61A981F57E91B8B598BF8061CB,0.093057154263495519
1102,uosmo,0.001171446151599348
1103,ibc/9BBA9A1C257E971E38C1422780CE6F0B0686F0A3085E2D61118D904BFE0F5F5E,0.138525039325856060
1103,uosmo,0.027513038135942000
1104,ibc/2DA9C149E9AD2BD27FEFA635458FB37093C256C1A940392634A16BEA45262604,0.256660124015174296
1104,uosmo,0.037634691806526401
1105,ibc/57AA1A70A4BC9769C525EBF6386F7A21536E04A79D62E1981EFCEF9428EBB205,0.094076091994237676
1105,uosmo,0.072054827043736225
1106,ibc/7C4D60AA95E5A7558B0A364860979CA34B7FF8AAF255B87AF9E879374470CEC0,0.169875598096784864
1106,uosmo,0.005038694733534770
1107,factory/osmo1xqw2sl9zk8a6pch0csaw78n4swg5ws8t62wc5qta4gnjxfqg6v2qcs243k/stuibcx,0.001600593510582618
1107,uosmo,0.129115918109123088
1108,ibc/9712DBB13B9631EDFA9BF61B55F1B2D290B2ADB67E3A4EB3A875F3B6081B3B84,1.890441267666101278
1108,uosmo,0.002106174701599438
1109,ibc/4E5444C35610CC76FC94E7F7886B93121175C28262DDFDDE6F84E82BF2425452,0.173672498019825515
1109,uosmo,0.002541707875524547
1110,ibc/67795E528DF67C5606FC20F824EA39A6EF55BA133F4DC79C90A8C47A0901E17C,0.505378379596676667
1110,uosmo,0.003461561882640867
1111,ibc/B9E0A1A524E98BB407D3CED8720EFEFD186002F90C1B1B7964811DD0CCC12228,11.111470849220678489
1111,uosmo,0.002430072771409716
1112,ibc/A76EB6ECF4E3E2D4A23C526FD1B48FDD42F171B206C9D2758EF778A7826ADD68,0.011220237554117654
1112,uosmo,0.015007961309977248
1113,ibc/E97634A40119F1898989C2A23224ED83FDD0A57EA46B3A094E287288D1672B44,0.609846837742640548
1113,uosmo,0.002194192447701665
1114,ibc/71F11BC0AF8E526B80E44172EBA9D3F0A8E03950BB882325435691EBC9450B1D,0.344014443954889220
1114,uosmo,0.114956860884120431
1115,ibc/71F11BC0AF8E526B80E44172EBA9D3F0A8E03950BB882325435691EBC9450B1D,0.253929844827382425
1115,uosmo,0.036675320760314963
1116,ibc/4ABBEF4C8926DDDB320AE5188CFD63267ABBCEFC0583E4AE05D6E5AA2401DDAB,0.069955365977678337
1116,ibc/71F11BC0AF8E526B80E44172EBA9D3F0A8E03950BB882325435691EBC9450B1D,0.128722301599706518
1117,ibc/4ABBEF4C8926DDDB320AE5188CFD63267ABBCEFC0583E4AE05D6E5AA2401DDAB,0.001372485388004829
1117,ibc/71F11BC0AF8E526B80E44172EBA9D3F0A8E03950BB882325435691EBC9450B1D,0.003453127720329487
1123,ibc/1E43D59E565D41FB4E54CA639B838FFD5BCFC20003D330A56CB1396231AA1CBA,0.054145892631564590
1123,ibc/4ABBEF4C8926DDDB320AE5188CFD63267ABBCEFC0583E4AE05D6E5AA2401DDAB,0.045175327329419892
1124,ibc/1E43D59E565D41FB4E54CA639B838FFD5BCFC20003D330A56CB1396231AA1CBA,0.137822342957924544
1124,ibc/4ABBEF4C8926DDDB320AE5188CFD63267ABBCEFC0583E4AE05D6E5AA2401DDAB,0.002691016122375092
1125,ibc/4ABBEF4C8926DDDB320AE5188CFD63267ABBCEFC0583E4AE05D6E5AA2401DDAB,0.003849759118151735
1125,ibc/A4D176906C1646949574B48C1928D475F2DF56DE0AC04E1C99B08F90BC21ABDE,0.056985403233571031
1126,ibc/4ABBEF4C8926DDDB320AE5188CFD63267ABBCEFC0583E4AE05D6E5AA2401DDAB,0.000069242388828035
1126,ibc/A4D176906C1646949574B48C1928D475F2DF56DE0AC04E1C99B08F90BC21ABDE,0.003057816916531648
1127,ibc/4ABBEF4C8926DDDB320AE5188CFD63267ABBCEFC0583E4AE05D6E5AA2401DDAB,0.003058515902045260
1127,ibc/B1C287C2701774522570010EEBCD864BCB7AB714711B3AA218699FDD75E832F5,0.297325504528176606
1128,ibc/4ABBEF4C8926DDDB320AE5188CFD63267ABBCEFC0583E4AE05D6E5AA2401DDAB,0.226005843480006888
1128,ibc/B1C287C2701774522570010EEBCD864BCB7AB714711B3AA218699FDD75E832F5,0.186421297135562484
1129,ibc/4ABBEF4C8926DDDB320AE5188CFD63267ABBCEFC0583E4AE05D6E5AA2401DDAB,0.225851288043134944
1129,ibc/CA3733CB0071F480FAE8EF0D9C3D47A49C6589144620A642BBE0D59A293D110E,44.253083121436544354
1130,ibc/4ABBEF4C8926DDDB320AE5188CFD63267ABBCEFC0583E4AE05D6E5AA2401DDAB,0.006137318944295540
1130,ibc/CA3733CB0071F480FAE8EF0D9C3D47A49C6589144620A642BBE0D59A293D110E,2.885717096933952195
1131,ibc/2108F2D81CBE328F371AD0CEF56691B18A86E08C3651504E42487D9EE92DDE9C,0.123502554119448768
1131,ibc/4ABBEF4C8926DDDB320AE5188CFD63267ABBCEFC0583E4AE05D6E5AA2401DDAB,0.044529865732069913
1133,ibc/D189335C6E4A68B513C10AB227BF1C1D38C746766278BA3EEB4FB14124F1D858,0.080536978602037363
1133,uosmo,0.089400001998274573
1134,ibc/EA1D43981D5C9A1C4AAEA9C23BB1D4FA126BA9BC7020A25E0AE4AA841EA25DC5,526478057258435230810693000000000.000000000000000000
1134,uosmo,1001699722725430000000000.000000000000000000
1135,ibc/27394FB092D2ECCD56123C74F36E4C1F926001CEADA9CA97EA622B25F41E5EB2,0.006559393646636454
1135,uosmo,0.216466013163676681
1136,ibc/27394FB092D2ECCD56123C74F36E4C1F926001CEADA9CA97EA622B25F41E5EB2,0.002588956904892880
1136,ibc/C140AFD542AE77BD7DCC83F13FDD8C5E5BB8C4929785E6EC2F4C636F98F17901,0.002061475436578822
1144,ibc/4ABBEF4C8926DDDB320AE5188CFD63267ABBCEFC0583E4AE05D6E5AA2401DDAB,0.001290384254536732
1144,ibc/6B2B19D874851F631FF0AF82C38A20D4B82F438C7A22F41EDA33568345397244,2.130774880839490950
1145,ibc/6B2B19D874851F631FF0AF82C38A20D4B82F438C7A22F41EDA33568345397244,2.317614193453242050
1145,uosmo,0.001372617598494881
1146,ibc/4ABBEF4C8926DDDB320AE5188CFD63267ABBCEFC0583E4AE05D6E5AA2401DDAB,0.001412245714207119
1146,ibc/8A025A1E70101E39DE0C0F153E582A30806D3DA16795F6D868A3AA247D2DEDF7,0.001353887377648696
1150,ibc/4ABBEF4C8926DDDB320AE5188CFD63267ABBCEFC0583E4AE05D6E5AA2401DDAB,0.000052833222281637
1150,ibc/8242AD24008032E457D2E12D46588FD39FB54FB29680C6C7663D296B383C37C4,0.000052927695946599
1151,ibc/6727B2F071643B3841BD535ECDD4ED9CAE52ABDD0DCD07C3630811A7A37B215C,7.918614510312895103
1151,uosmo,0.000229405135614894
1152,ibc/4ABBEF4C8926DDDB320AE5188CFD63267ABBCEFC0583E4AE05D6E5AA2401DDAB,0.000236546764865838
1152,ibc/6727B2F071643B3841BD535ECDD4ED9CAE52ABDD0DCD07C3630811A7A37B215C,5.617222911040300184
1153,ibc/208B2F137CDE510B44C41947C045CFDC27F996A9D990EA64460BDD5B3DBEB2ED,1.220908124082593829
1153,ibc/4ABBEF4C8926DDDB320AE5188CFD63267ABBCEFC0583E4AE05D6E5AA2401DDAB,0.055124819121549985
1157,ibc/4ABBEF4C8926DDDB320AE5188CFD63267ABBCEFC0583E4AE05D6E5AA2401DDAB,0.003581736631624445
1157,ibc/D9AFCECDD361D38302AA66EB3BAC23B95234832C51D12489DC451FA2B7C72782,0.117428516523583026
1158,ibc/4ABBEF4C8926DDDB320AE5188CFD63267ABBCEFC0583E4AE05D6E5AA2401DDAB,0.001048077799046420
1158,ibc/B1C1806A540B3E165A2D42222C59946FB85BA325596FC85662D7047649F419F3,0.054495727399566697
1159,ibc/4ABBEF4C8926DDDB320AE5188CFD63267ABBCEFC0583E4AE05D6E5AA2401DDAB,0.023328931933848174
1159,ibc/CEE970BB3D26F4B907097B6B660489F13F3B0DA765B83CC7D9A0BC0CE220FA6F,0.141455308930856436
1161,ibc/4ABBEF4C8926DDDB320AE5188CFD63267ABBCEFC0583E4AE05D6E5AA2401DDAB,0.222631541705700477
1161,ibc/BB6BCDB515050BAE97516111873CCD7BCF1FD0CCB723CC12F3C4F704D6C646CE,0.076500896135742403
1162,ibc/0EF15DF2F02480ADE0BB6E85D9EBB5DAEA2836D3860E9F97F9AADE4F57A31AA0,1.746928296609194556
1162,ibc/4ABBEF4C8926DDDB320AE5188CFD63267ABBCEFC0583E4AE05D6E5AA2401DDAB,0.000192875857805364
1163,ibc/4ABBEF4C8926DDDB320AE5188CFD63267ABBCEFC0583E4AE05D6E5AA2401DDAB,0.135264406954379621
1163,ibc/785AFEC6B3741100D15E7AF01374E3C4C36F24888E96479B1C33F5C71F364EF9,0.166174241022236019
1164,ibc/126DA09104B71B164883842B769C0E9EC1486C0887D27A9999E395C2C8FB5682,0.019084723788903663
1164,ibc/4ABBEF4C8926DDDB320AE5188CFD63267ABBCEFC0583E4AE05D6E5AA2401DDAB,0.006587162261350854
1167,ibc/4ABBEF4C8926DDDB320AE5188CFD63267ABBCEFC0583E4AE05D6E5AA2401DDAB,0.005157180182994112
1167,ibc/8E697BDABE97ACE8773C6DF7402B2D1D5104DD1EEABE12608E3469B7F64C15BA,0.043778862567098828
1170,ibc/0B3D528E74E3DEAADF8A68F393887AC7E06028904D02173561B0D27F6E751D0A,0.315290891901608450
1170,ibc/4ABBEF4C8926DDDB320AE5188CFD63267ABBCEFC0583E4AE05D6E5AA2401DDAB,0.017018418189835177
1172,ibc/4ABBEF4C8926DDDB320AE5188CFD63267ABBCEFC0583E4AE05D6E5AA2401DDAB,0.004959637341462963
1172,ibc/EDD6F0D66BCD49C1084FB2C35353B4ACD7B9191117CE63671B61320548F7C89D,0.182510887190053091
1185,ibc/4ABBEF4C8926DDDB320AE5188CFD63267ABBCEFC0583E4AE05D6E5AA2401DDAB,0.000105561470134930
1185,ibc/E6931F78057F7CC5DA0FD6CEF82FF39373A6E0452BF1FD76910B93292CF356C1,0.061211972809255293
1187,ibc/1480B8FD20AD5FCAE81EA87584D269547DD4D436843C1D20F15E00EB64743EF4,0.000675811130749874
1187,ibc/4ABBEF4C8926DDDB320AE5188CFD63267ABBCEFC0583E4AE05D6E5AA2401DDAB,0.000570676465528093
1188,ibc/1480B8FD20AD5FCAE81EA87584D269547DD4D436843C1D20F15E00EB64743EF4,0.003560299750406290
1188,ibc/4ABBEF4C8926DDDB320AE5188CFD63267ABBCEFC0583E4AE05D6E5AA2401DDAB,0.000931637207471300
1189,ibc/4ABBEF4C8926DDDB320AE5188CFD63267ABBCEFC0583E4AE05D6E5AA2401DDAB,0.034504929639812690
1189,ibc/903A61A498756EA560B85A85132D3AEE21B5DEDD41213725D22ABF276EA6945E,0.022607776281914193
1190,ibc/4ABBEF4C8926DDDB320AE5188CFD63267ABBCEFC0583E4AE05D6E5AA2401DDAB,0.001525886105567527
1190,ibc/903A61A498756EA560B85A85132D3AEE21B5DEDD41213725D22ABF276EA6945E,0.004888454560863425
1191,ibc/0954E1C28EB7AF5B72D24F3BC2B47BBB2FDF91BDDFD57B74B99E133AED40972A,0.001539998460000000
1195,ibc/4ABBEF4C8926DDDB320AE5188CFD63267ABBCEFC0583E4AE05D6E5AA2401DDAB,0.004320711548981005
1195,ibc/573FCD90FACEE750F55A8864EF7D38265F07E5A9273FA0E8DAFD39951332B580,0.031979076451265277
1196,ibc/4ABBEF4C8926DDDB320AE5188CFD63267ABBCEFC0583E4AE05D6E5AA2401DDAB,0.775765512892631060
1201,ibc/4ABBEF4C8926DDDB320AE5188CFD63267ABBCEFC0583E4AE05D6E5AA2401DDAB,0.011258689079431716
1201,ibc/57AA1A70A4BC9769C525EBF6386F7A21536E04A79D62E1981EFCEF9428EBB205,0.009513252287759926
1205,ibc/4ABBEF4C8926DDDB320AE5188CFD63267ABBCEFC0583E4AE05D6E5AA2401DDAB,0.002105839031719191
1205,ibc/67795E528DF67C5606FC20F824EA39A6EF55BA133F4DC79C90A8C47A0901E17C,0.165348749742805519
1206,ibc/4ABBEF4C8926DDDB320AE5188CFD63267ABBCEFC0583E4AE05D6E5AA2401DDAB,0.018085047412709178
1207,ibc/4ABBEF4C8926DDDB320AE5188CFD63267ABBCEFC0583E4AE05D6E5AA2401DDAB,0.000527701542819216
1207,ibc/B9E0A1A524E98BB407D3CED8720EFEFD186002F90C1B1B7964811DD0CCC12228,0.725619274380000000
1213,ibc/EA1D43981D5C9A1C4AAEA9C23BB1D4FA126BA9BC7020A25E0AE4AA841EA25DC5,0.004030356047048758
1213,ibc/FBB3FEF80ED2344D821D4F95C31DBFD33E4E31D5324CAD94EF756E67B749F668,0.001134358832093660
1214,ibc/62F82550D0B96522361C89B0DA1119DE262FBDFB25E5502BC5101B5C0D0DBAAC,0.000000000077332116
1214,ibc/EA1D43981D5C9A1C4AAEA9C23BB1D4FA126BA9BC7020A25E0AE4AA841EA25DC5,506.613988480883061065
1215,ibc/51D893F870B7675E507E91DA8DB0B22EA66333207E4F5C0708757F08EE059B0B,0.023853624220346960
1215,uosmo,2.094983633971344821
1216,ibc/6B99DB46AA9FF47162148C1726866919E44A6A5E0274B90912FD17E19A337695,0.038029549067081601
1216,uosmo,0.016650074169293112
1220,ibc/498A0751C798A0D9A389AA3691123DADA57DAA4FE165D5C75894505B876BA6E4,0.000018833542471273
1220,ibc/4ABBEF4C8926DDDB320AE5188CFD63267ABBCEFC0583E4AE05D6E5AA2401DDAB,0.000018644863300283
1221,ibc/498A0751C798A0D9A389AA3691123DADA57DAA4FE165D5C75894505B876BA6E4,0.074701503873789378
1221,uosmo,0.096265484355930199
1223,ibc/498A0751C798A0D9A389AA3691123DADA57DAA4FE165D5C75894505B876BA6E4,0.048807803976661663
1223,ibc/D189335C6E4A68B513C10AB227BF1C1D38C746766278BA3EEB4FB14124F1D858,0.128253528354151593
1224,ibc/498A0751C798A0D9A389AA3691123DADA57DAA4FE165D5C75894505B876BA6E4,0.000372107110905748
1224,ibc/92BE0717F4678905E53F4E45B2DED18BC0CB97BF1F8B6A25AFEDF3D5A879B4D5,0.000356083242399987
1227,ibc/27394FB092D2ECCD56123C74F36E4C1F926001CEADA9CA97EA622B25F41E5EB2,0.000695145813250275
1227,ibc/B66CE615C600ED0A8B5AF425ECFE0D57BE2377587F66C45934A76886F34DC9B7,0.000116751825010913
1228,ibc/498A0751C798A0D9A389AA3691123DADA57DAA4FE165D5C75894505B876BA6E4,0.009499109043938315
1228,ibc/987C17B11ABC2B20019178ACE62929FE9840202CE79498E29FE8E5CB02B7C0A4,0.414275309693564895
1230,ibc/01D2F0C4739C871BFBEE7E786709E6904A55559DC1483DD92ED392EF12247862,0.036177746005291809
1230,ibc/27394FB092D2ECCD56123C74F36E4C1F926001CEADA9CA97EA622B25F41E5EB2,0.001944239787676655
1243,ibc/498A0751C798A0D9A389AA3691123DADA57DAA4FE165D5C75894505B876BA6E4,0.116068276883597076
1243,ibc/A8CA5EE328FA10C9519DF6057DA1F69682D28F7D0F5CCC7ECB72E3DCA2D157A4,0.129955956432966459
1245,ibc/831F0B1BBB1D08A2B75311892876D71565478C532967545476DF4C2D7492E48C,107229.177900555875770433
1245,uosmo,0.000003209805291556
1246,ibc/498A0751C798A0D9A389AA3691123DADA57DAA4FE165D5C75894505B876BA6E4,0.000000065257872540
1246,ibc/831F0B1BBB1D08A2B75311892876D71565478C532967545476DF4C2D7492E48C,20884.964657875213433290
1247,ibc/498A0751C798A0D9A389AA3691123DADA57DAA4FE165D5C75894505B876BA6E4,0.250321949936998272
1247,ibc/D79E7D83AB399BFFF93433E54FAA480C191248FC556924A2A8351AE2638B3877,0.029624078440589339
1248,ibc/D79E7D83AB399BFFF93433E54FAA480C191248FC556924A2A8351AE2638B3877,0.123354753556174031
1248,uosmo,2.680856787585757184
1251,ibc/27394FB092D2ECCD56123C74F36E4C1F926001CEADA9CA97EA622B25F41E5EB2,0.019565826483202747
1251,ibc/498A0751C798A0D9A389AA3691123DADA57DAA4FE165D5C75894505B876BA6E4,0.195991765598971997
1252,ibc/D176154B0C63D1F9C6DCFB4F70349EBF2E2B5A87A05902F57A6AE92B863E9AEC,0.000361003106472081
1252,uosmo,0.000523230175084755
1253,ibc/498A0751C798A0D9A389AA3691123DADA57DAA4FE165D5C75894505B876BA6E4,0.000620894499304049
1253,ibc/75345531D87BD90BF108BE7240BD721CB2CB0A1F16D4EBA71B09EC3C43E15C8F,1.101412354035850309
1258,ibc/23CA6C8D1AB2145DD13EB1E089A2E3F960DC298B468CCE034E19E5A78B61136E,0.000527287485229105
1258,ibc/498A0751C798A0D9A389AA3691123DADA57DAA4FE165D5C75894505B876BA6E4,0.000325809843448900
1259,ibc/0CD3A0285E1341859B5E86B6AB7682F023D03E97607CCC1DC95706411D866DF7,0.182156901326990618
1259,ibc/498A0751C798A0D9A389AA3691123DADA57DAA4FE165D5C75894505B876BA6E4,0.000000000000213621
1260,ibc/0CD3A0285E1341859B5E86B6AB7682F023D03E97607CCC1DC95706411D866DF7,96384455967521823096000000000.000000000000000000
1260,ibc/498A0751C798A0D9A389AA3691123DADA57DAA4FE165D5C75894505B876BA6E4,79781672000000000.000000000000000000
1261,ibc/0CD3A0285E1341859B5E86B6AB7682F023D03E97607CCC1DC95706411D866DF7,84267807452339008149000000000.000000000000000000
1261,ibc/4ABBEF4C8926DDDB320AE5188CFD63267ABBCEFC0583E4AE05D6E5AA2401DDAB,75728105000000000.000000000000000000
1262,ibc/498A0751C798A0D9A389AA3691123DADA57DAA4FE165D5C75894505B876BA6E4,0.006227188688122218
1262,ibc/6B99DB46AA9FF47162148C1726866919E44A6A5E0274B90912FD17E19A337695,0.000995026498840981
1263,ibc/498A0751C798A0D9A389AA3691123DADA57DAA4FE165D5C75894505B876BA6E4,0.042603137361317180
1263,uosmo,0.037124874021406898
1264,ibc/498A0751C798A0D9A389AA3691123DADA57DAA4FE165D5C75894505B876BA6E4,1320751890407000000000.000000000000000000
1264,ibc/EA1D43981D5C9A1C4AAEA9C23BB1D4FA126BA9BC7020A25E0AE4AA841EA25DC5,475907701116656793654000000000.000000000000000000
1265,ibc/27394FB092D2ECCD56123C74F36E4C1F926001CEADA9CA97EA622B25F41E5EB2,0.002998919139806016
1265,uosmo,0.027191933827811967
1267,factory/osmo1g8qypve6l95xmhgc0fddaecerffymsl7kn9muw/squosmo,40.558781509707066904
1267,uosmo,0.001902484842841539
1268,factory/osmo1s794h9rxggytja3a4pmwul53u98k06zy2qtrdvjnfuxruh7s8yjs6cyxgd/ucdt,0.003245689836437534
1268,ibc/498A0751C798A0D9A389AA3691123DADA57DAA4FE165D5C75894505B876BA6E4,0.003043031573779317
1271,ibc/498A0751C798A0D9A389AA3691123DADA57DAA4FE165D5C75894505B876BA6E4,0.001809779064979580
1271,ibc/EA4C0A9F72E2CEDF10D0E7A9A6A22954DB3444910DB5BE980DF59B05A46DAD1C,0.063998254677219209
1273,ibc/498A0751C798A0D9A389AA3691123DADA57DAA4FE165D5C75894505B876BA6E4,0.000720462534864231
1273,ibc/7A08C6F11EF0F59EB841B9F788A87EC9F2361C7D9703157EC13D940DC53031FA,9.413656061155099917
1274,ibc/498A0751C798A0D9A389AA3691123DADA57DAA4FE165D5C75894505B876BA6E4,0.001694649893851059
1274,ibc/4ABBEF4C8926DDDB320AE5188CFD63267ABBCEFC0583E4AE05D6E5AA2401DDAB,0.000823206528954326
1275,ibc/0CD3A0285E1341859B5E86B6AB7682F023D03E97607CCC1DC95706411D866DF7,19.787406388842844445
1275,ibc/498A0751C798A0D9A389AA3691123DADA57DAA4FE165D5C75894505B876BA6E4,0.000000000019484379
1276,ibc/0CD3A0285E1341859B5E86B6AB7682F023D03E97607CCC1DC95706411D866DF7,19.586518340202668542
1276,ibc/4ABBEF4C8926DDDB320AE5188CFD63267ABBCEFC0583E4AE05D6E5AA2401DDAB,0.000000000018842669
1277,ibc/498A0751C798A0D9A389AA3691123DADA57DAA4FE165D5C75894505B876BA6E4,0.602745799170815298
1277,ibc/D1542AA8762DB13087D8364F3EA6509FD6F009A34F00426AF9E4F9FA85CBBF1F,0.001079425737918857
1278,ibc/498A0751C798A0D9A389AA3691123DADA57DAA4FE165D5C75894505B876BA6E4,0.000000336147831618
1278,ibc/EA1D43981D5C9A1C4AAEA9C23BB1D4FA126BA9BC7020A25E0AE4AA841EA25DC5,113.770522983653626297
1279,ibc/4ABBEF4C8926DDDB320AE5188CFD63267ABBCEFC0583E4AE05D6E5AA2401DDAB,0.001765951185843708
1279,ibc/EA1D43981D5C9A1C4AAEA9C23BB1D4FA126BA9BC7020A25E0AE4AA841EA25DC5,259.830467806874382711
1280,ibc/4ABBEF4C8926DDDB320AE5188CFD63267ABBCEFC0583E4AE05D6E5AA2401DDAB,0.000000067473663706
1280,ibc/EA1D43981D5C9A1C4AAEA9C23BB1D4FA126BA9BC7020A25E0AE4AA841EA25DC5,30.005396015617137327
1281,ibc/EA1D43981D5C9A1C4AAEA9C23BB1D4FA126BA9BC7020A25E0AE4AA841EA25DC5,17402432681163238174251000000000.000000000000000000
1281,uosmo,1745532065757000000000.000000000000000000
1282,ibc/27394FB092D2ECCD56123C74F36E4C1F926001CEADA9CA97EA622B25F41E5EB2,0.008178814691340171
1282,ibc/498A0751C798A0D9A389AA3691123DADA57DAA4FE165D5C75894505B876BA6E4,0.087012043942967340
1283,ibc/27394FB092D2ECCD56123C74F36E4C1F926001CEADA9CA97EA622B25F41E5EB2,0.000308986260726955
1283,ibc/C140AFD542AE77BD7DCC83F13FDD8C5E5BB8C4929785E6EC2F4C636F98F17901,0.000235598283608936
1292,ibc/2F21E6D4271DE3F561F20A02CD541DAF7405B1E9CB3B9B07E3C2AC7D8A4338A5,0.002181599260120826
1292,ibc/EA1D43981D5C9A1C4AAEA9C23BB1D4FA126BA9BC7020A25E0AE4AA841EA25DC5,0.006243134484539107
1294,ibc/1E43D59E565D41FB4E54CA639B838FFD5BCFC20003D330A56CB1396231AA1CBA,0.066490152908963434
1294,ibc/498A0751C798A0D9A389AA3691123DADA57DAA4FE165D5C75894505B876BA6E4,0.071113855668289991
1297,ibc/65381C5F3FD21442283D56925E62EA524DED8B6927F0FF94E21E0020954C40B5,0.011369871813791230
1297,ibc/EA1D43981D5C9A1C4AAEA9C23BB1D4FA126BA9BC7020A25E0AE4AA841EA25DC5,0.005358317078680878
1298,ibc/0CD3A0285E1341859B5E86B6AB7682F023D03E97607CCC1DC95706411D866DF7,0.075219634092743089
1298,ibc/23AB778D694C1ECFC59B91D8C399C115CC53B0BD1C61020D8E19519F002BDD85,0.429127640155735273
1299,factory/osmo1g8qypve6l95xmhgc0fddaecerffymsl7kn9muw/sqatom,1.412451274272055233
1299,ibc/27394FB092D2ECCD56123C74F36E4C1F926001CEADA9CA97EA622B25F41E5EB2,0.017311214728521320
1301,ibc/1480B8FD20AD5FCAE81EA87584D269547DD4D436843C1D20F15E00EB64743EF4,0.031715697258592134
1301,ibc/498A0751C798A0D9A389AA3691123DADA57DAA4FE165D5C75894505B876BA6E4,0.108689011518188566
1302,ibc/4F3B0EC2FE2D370D10C3671A1B7B06D2A964C721470C305CBB846ED60E6CAA20,0.501703499543677237
1302,uosmo,0.003499966176762215
1303,ibc/020F5162B7BC40656FC5432622647091F00D53E82EE8D21757B43D3282F25424,0.001043943570343019
1303,uosmo,0.045707978263718161
1304,ibc/D3A1900B2B520E45608B5671ADA461E1109628E89B4289099557C6D3996F7DAA,0.000338921817853154
1304,uosmo,0.141175703183109370
1305,ibc/498A0751C798A0D9A389AA3691123DADA57DAA4FE165D5C75894505B876BA6E4,0.016048393719416467
1305,ibc/6928AFA9EA721938FED13B051F9DBF1272B16393D20C49EA5E4901BB76D94A90,0.248492575479967305
1312,ibc/498A0751C798A0D9A389AA3691123DADA57DAA4FE165D5C75894505B876BA6E4,0.337640640597793302
1312,ibc/F74225B0AFD2F675AF56E9BE3F235486BCDE5C5E09AA88A97AFD2E052ABFE04C,0.025733313034460005
1314,ibc/1B708808D372E959CD4839C594960309283424C775F4A038AAEBE7F83A988477,0.006229496727358376
1314,uosmo,0.000903519583016769
1315,ibc/498A0751C798A0D9A389AA3691123DADA57DAA4FE165D5C75894505B876BA6E4,0.146548789701336377
1315,ibc/E42006ED917C769EDE1B474650EEA6BFE3F97958912B9206DD7010A28D01D9D5,1.919758048308555412
1316,ibc/498A0751C798A0D9A389AA3691123DADA57DAA4FE165D5C75894505B876BA6E4,0.009483245984550555
1316,ibc/8242AD24008032E457D2E12D46588FD39FB54FB29680C6C7663D296B383C37C4,0.004006553823418934
1317,ibc/498A0751C798A0D9A389AA3691123DADA57DAA4FE165D5C75894505B876BA6E4,0.006059892234695828
1317,ibc/CBA34207E969623D95D057D9B11B0C8B32B89A71F170577D982FDDE623813FFC,1.718246089297931927
1318,ibc/EDD6F0D66BCD49C1084FB2C35353B4ACD7B9191117CE63671B61320548F7C89D,0.155146194342271008
1318,uosmo,0.004061035153436444
1319,ibc/498A0751C798A0D9A389AA3691123DADA57DAA4FE165D5C75894505B876BA6E4,0.000000537469435692
1319,ibc/64BA6E31FE887D66C6F8F31C7B1A80C7CA179239677B4088BB55F5EA07DBE273,23623.464483757463304989
1321,ibc/498A0751C798A0D9A389AA3691123DADA57DAA4FE165D5C75894505B876BA6E4,0.221627342880537681
1321,ibc/D79E7D83AB399BFFF93433E54FAA480C191248FC556924A2A8351AE2638B3877,0.016281063724392256
1322,ibc/4ABBEF4C8926DDDB320AE5188CFD63267ABBCEFC0583E4AE05D6E5AA2401DDAB,0.169617351980999889
1322,ibc/D79E7D83AB399BFFF93433E54FAA480C191248FC556924A2A8351AE2638B3877,0.012049464422229963
1323,ibc/ECBE78BF7677320A93E7BA1761D144BCBF0CBC247C290C049655E106FE5DC68E,0.000678753716076068
1323,uosmo,0.001277503711622129
1324,ibc/126DA09104B71B164883842B769C0E9EC1486C0887D27A9999E395C2C8FB5682,0.104185643773911611
1324,ibc/498A0751C798A0D9A389AA3691123DADA57DAA4FE165D5C75894505B876BA6E4,0.120185547955217449
1325,factory/osmo1mlng7pz4pnyxtpq0akfwall37czyk9lukaucsrn30ameplhhshtqdvfm5c/ulvn,0.115510337071549135
1325,uosmo,0.209321954939607821
1331,ibc/5DD1F95ED336014D00CE2520977EC71566D282F9749170ADC83A392E0EA7426A,0.000148793545833316
1331,ibc/987C17B11ABC2B20019178ACE62929FE9840202CE79498E29FE8E5CB02B7C0A4,0.000250084906714132
1332,ibc/46AC07DBFF1352EC94AF5BD4D23740D92D9803A6B41F6E213E77F3A1143FB963,0.928456424402537625
1332,uosmo,0.049154274203071218
1334,ibc/BF685448E564B5A4AC8F6E0493A0B979D0E0BF5EC11F7E15D25A0A2160C944DD,0.149025860096978863
1334,uosmo,0.014779574901512515
1335,factory/osmo1f5vfcph2dvfeqcqkhetwv75fda69z7e5c2dldm3kvgj23crkv6wqcn47a0/umilkTIA,0.000906294156520035
1335,ibc/D79E7D83AB399BFFF93433E54FAA480C191248FC556924A2A8351AE2638B3877,0.000871475418993421
1337,factory/osmo1mlng7pz4pnyxtpq0akfwall37czyk9lukaucsrn30ameplhhshtqdvfm5c/ulvn,0.080253957429024791
1337,ibc/498A0751C798A0D9A389AA3691123DADA57DAA4FE165D5C75894505B876BA6E4,0.021261657229970801
1347,ibc/D79E7D83AB399BFFF93433E54FAA480C191248FC556924A2A8351AE2638B3877,0.007203352753039355
1347,uosmo,0.057648941424377959
1348,ibc/4ABBEF4C8926DDDB320AE5188CFD63267ABBCEFC0583E4AE05D6E5AA2401DDAB,0.015880291708443260
1348,ibc/D79E7D83AB399BFFF93433E54FAA480C191248FC556924A2A8351AE2638B3877,0.001081391853181549
1349,ibc/498A0751C798A0D9A389AA3691123DADA57DAA4FE165D5C75894505B876BA6E4,0.000000128160051077
1349,ibc/6F62F01D913E3FFE472A38C78235B8F021B511BC6596ADFF02615C8F83D3B373,2993.532801473294307090
1350,ibc/498A0751C798A0D9A389AA3691123DADA57DAA4FE165D5C75894505B876BA6E4,0.000000190423258580
1350,ibc/F4A070A6D78496D53127EA85C094A9EC87DFC1F36071B8CCDDBD020F933D213D,411.673471341112848082
1351,ibc/498A0751C798A0D9A389AA3691123DADA57DAA4FE165D5C75894505B876BA6E4,0.000000060622974870
1351,ibc/831F0B1BBB1D08A2B75311892876D71565478C532967545476DF4C2D7492E48C,20667.244889994449077247
1358,ibc/498A0751C798A0D9A389AA3691123DADA57DAA4FE165D5C75894505B876BA6E4,0.000262322558805846
1358,ibc/8A025A1E70101E39DE0C0F153E582A30806D3DA16795F6D868A3AA247D2DEDF7,0.000235700147218404
1359,ibc/498A0751C798A0D9A389AA3691123DADA57DAA4FE165D5C75894505B876BA6E4,0.001787913937941624
1359,ibc/DDF1CD4CDC14AE2D6A3060193624605FF12DEE71CF1F8C19EEF35E9447653493,0.005513395716668891
1360,ibc/4976049456D261659D0EC499CC9C2391D3C7D1128A0B9FB0BBF2842D1B2BC7BC,0.182961775054063283
1360,ibc/498A0751C798A0D9A389AA3691123DADA57DAA4FE165D5C75894505B876BA6E4,0.028920931999837087
1361,ibc/37CB3078432510EE57B9AFA8DBE028B33AE3280A144826FEAC5F2334CF2C5539,0.012457697933165951
1361,uosmo,0.001972159680999886
1370,ibc/1E43D59E565D41FB4E54CA639B838FFD5BCFC20003D330A56CB1396231AA1CBA,7.410669413938351485
1370,uosmo,0.190698031539084826
1372,ibc/498A0751C798A0D9A389AA3691123DADA57DAA4FE165D5C75894505B876BA6E4,0.011555788967444822
1372,ibc/9BBA9A1C257E971E38C1422780CE6F0B0686F0A3085E2D61118D904BFE0F5F5E,0.082127041232519188
1373,ibc/2DA9C149E9AD2BD27FEFA635458FB37093C256C1A940392634A16BEA45262604,6.850382929449029159
1373,ibc/498A0751C798A0D9A389AA3691123DADA57DAA4FE165D5C75894505B876BA6E4,0.061321101729726322
1378,factory/osmo1g8qypve6l95xmhgc0fddaecerffymsl7kn9muw/sqtia,0.302093724963155386
1378,ibc/D79E7D83AB399BFFF93433E54FAA480C191248FC556924A2A8351AE2638B3877,0.020682864274237303
1384,ibc/183C0BB962D2F57C957E0B134CFA0AC9D6F755C02DE9DC2A59089BA23009DEC3,0.407568555589308915
1384,uosmo,0.000976332361219904
1387,ibc/2FFE07C4B4EFC0DDA099A16C6AF3C9CCA653CC56077E87217A585D48794B0BC7,24.459217793626875262
1387,uosmo,0.000028991378028646
1388,ibc/126DA09104B71B164883842B769C0E9EC1486C0887D27A9999E395C2C8FB5682,0.013359474007961323
1388,uosmo,0.011596001443188322
1397,ibc/5DD1F95ED336014D00CE2520977EC71566D282F9749170ADC83A392E0EA7426A,0.000024674267478317
1397,ibc/987C17B11ABC2B20019178ACE62929FE9840202CE79498E29FE8E5CB02B7C0A4,0.000038525666501437
1398,ibc/D1542AA8762DB13087D8364F3EA6509FD6F009A34F00426AF9E4F9FA85CBBF1F,0.000000005191322178
1398,ibc/EA1D43981D5C9A1C4AAEA9C23BB1D4FA126BA9BC7020A25E0AE4AA841EA25DC5,924.450231402608251802
1399,ibc/27394FB092D2ECCD56123C74F36E4C1F926001CEADA9CA97EA622B25F41E5EB2,0.006166295293189604
1399,uosmo,0.003785797779266183
1407,ibc/6F62F01D913E3FFE472A38C78235B8F021B511BC6596ADFF02615C8F83D3B373,25.706751393696215271
1407,uosmo,0.000000000173497171
1410,ibc/498A0751C798A0D9A389AA3691123DADA57DAA4FE165D5C75894505B876BA6E4,0.025746653541063625
1410,ibc/73BB20AF857D1FE6E061D01CA13870872AD0C979497CAF71BEA25B1CBF6879F1,0.123952232824539157
1416,ibc/498A0751C798A0D9A389AA3691123DADA57DAA4FE165D5C75894505B876BA6E4,0.000072927011413392
1416,ibc/75345531D87BD90BF108BE7240BD721CB2CB0A1F16D4EBA71B09EC3C43E15C8F,0.180576291852281276
1417,factory/osmo1pfyxruwvtwk00y8z06dh2lqjdj82ldvy74wzm3/WOSMO,0.814322665565689344
1417,ibc/498A0751C798A0D9A389AA3691123DADA57DAA4FE165D5C75894505B876BA6E4,0.002812454276715295
1418,factory/osmo1pfyxruwvtwk00y8z06dh2lqjdj82ldvy74wzm3/WOSMO,0.362224356167779463
1418,uosmo,0.000966196600774000
1422,factory/osmo1z0qrq605sjgcqpylfl4aa6s90x738j7m58wyatt0tdzflg2ha26q67k743/wbtc,0.000013944796114443
1422,ibc/D1542AA8762DB13087D8364F3EA6509FD6F009A34F00426AF9E4F9FA85CBBF1F,0.000014224464197429
1423,ibc/831F0B1BBB1D08A2B75311892876D71565478C532967545476DF4C2D7492E48C,260130862182492000000000.000000000000000000
1423,ibc/980E82A9F8E7CA8CD480F4577E73682A6D3855A267D1831485D7EBEF0E7A6C2C,312224208370363000000000.000000000000000000
1427,ibc/6F62F01D913E3FFE472A38C78235B8F021B511BC6596ADFF02615C8F83D3B373,808.993869953456597701
1427,uosmo,0.000000028297482175
1428,ibc/698350B8A61D575025F3ED13E9AC9C0F45C89DEFE92F76D5838F1D3C1A7FF7C9,0.001489615190184526
1428,ibc/D79E7D83AB399BFFF93433E54FAA480C191248FC556924A2A8351AE2638B3877,0.001471218228416574
1430,ibc/D1542AA8762DB13087D8364F3EA6509FD6F009A34F00426AF9E4F9FA85CBBF1F,0.000017387039810980
1430,uosmo,0.009878605345158918
1431,ibc/2F21E6D4271DE3F561F20A02CD541DAF7405B1E9CB3B9B07E3C2AC7D8A4338A5,0.000033244902085591
1431,ibc/EA1D43981D5C9A1C4AAEA9C23BB1D4FA126BA9BC7020A25E0AE4AA841EA25DC5,0.000041736492248806
1432,factory/osmo1z0qrq605sjgcqpylfl4aa6s90x738j7m58wyatt0tdzflg2ha26q67k743/wbtc,0.000373818424122761
1432,uosmo,5.079858447214956068
1433,factory/osmo1z0qrq605sjgcqpylfl4aa6s90x738j7m58wyatt0tdzflg2ha26q67k743/wbtc,0.000165635641199897
1433,uosmo,269.194005324075096543
1434,factory/osmo1z0qrq605sjgcqpylfl4aa6s90x738j7m58wyatt0tdzflg2ha26q67k743/wbtc,0.000028419308724723
1434,uosmo,0.015894625684404290
1435,factory/osmo1z0qrq605sjgcqpylfl4aa6s90x738j7m58wyatt0tdzflg2ha26q67k743/wbtc,0.000241561436832135
1435,ibc/498A0751C798A0D9A389AA3691123DADA57DAA4FE165D5C75894505B876BA6E4,0.161993444745958821
1436,factory/osmo1z0qrq605sjgcqpylfl4aa6s90x738j7m58wyatt0tdzflg2ha26q67k743/wbtc,0.000103284056188353
1436,ibc/498A0751C798A0D9A389AA3691123DADA57DAA4FE165D5C75894505B876BA6E4,0.068946145717194239
1437,factory/osmo1z0qrq605sjgcqpylfl4aa6s90x738j7m58wyatt0tdzflg2ha26q67k743/wbtc,0.000025134464195385
1437,ibc/498A0751C798A0D9A389AA3691123DADA57DAA4FE165D5C75894505B876BA6E4,0.017539300152937679
1438,factory/osmo1z0qrq605sjgcqpylfl4aa6s90x738j7m58wyatt0tdzflg2ha26q67k743/wbtc,0.000111058912983403
1438,ibc/4ABBEF4C8926DDDB320AE5188CFD63267ABBCEFC0583E4AE05D6E5AA2401DDAB,0.079810423753771308
1439,factory/osmo1z0qrq605sjgcqpylfl4aa6s90x738j7m58wyatt0tdzflg2ha26q67k743/wbtc,0.000011959236148056
1439,ibc/4ABBEF4C8926DDDB320AE5188CFD63267ABBCEFC0583E4AE05D6E5AA2401DDAB,0.011356244723871294
1440,factory/osmo1z0qrq605sjgcqpylfl4aa6s90x738j7m58wyatt0tdzflg2ha26q67k743/wbtc,0.000000007564542675
1440,ibc/EA1D43981D5C9A1C4AAEA9C23BB1D4FA126BA9BC7020A25E0AE4AA841EA25DC5,1497.493932316112651357
1441,factory/osmo1z0qrq605sjgcqpylfl4aa6s90x738j7m58wyatt0tdzflg2ha26q67k743/wbtc,0.000000003459399539
1441,ibc/EA1D43981D5C9A1C4AAEA9C23BB1D4FA126BA9BC7020A25E0AE4AA841EA25DC5,676.505225952378573186
1447,ibc/498A0751C798A0D9A389AA3691123DADA57DAA4FE165D5C75894505B876BA6E4,0.003673300884516726
1447,ibc/573FCD90FACEE750F55A8864EF7D38265F07E5A9273FA0E8DAFD39951332B580,0.036844508731782314
1449,ibc/9A76CDF0CBCEF37923F32518FA15E5DC92B9F56128292BC4D63C4AEA76CBB110,49841.097990377110486491
1449,uosmo,0.000000183966145661
1450,ibc/498A0751C798A0D9A389AA3691123DADA57DAA4FE165D5C75894505B876BA6E4,0.000000254197126543
1450,ibc/9A76CDF0CBCEF37923F32518FA15E5DC92B9F56128292BC4D63C4AEA76CBB110,45152.870659165602787774
1464,ibc/498A0751C798A0D9A389AA3691123DADA57DAA4FE165D5C75894505B876BA6E4,0.004449904040931011
1464,uosmo,0.003605688526102219
1465,ibc/4ABBEF4C8926DDDB320AE5188CFD63267ABBCEFC0583E4AE05D6E5AA2401DDAB,0.000649537818706166
1465,uosmo,0.000483958537281903
1472,ibc/1DCC8A6CB5689018431323953344A9F6CC4D0BFB261E88C9F7777372C10CD076,0.026164685214758595
1472,ibc/498A0751C798A0D9A389AA3691123DADA57DAA4FE165D5C75894505B876BA6E4,0.001755998044049831
1474,ibc/498A0751C798A0D9A389AA3691123DADA57DAA4FE165D5C75894505B876BA6E4,0.000154412496960247
1474,ibc/F08DE332018E8070CC4C68FE06E04E254F527556A614F5F8F9A68AF38D367E45,0.000158007826746541
1475,factory/osmo1f5vfcph2dvfeqcqkhetwv75fda69z7e5c2dldm3kvgj23crkv6wqcn47a0/umilkTIA,0.000527233716750015
1475,ibc/D79E7D83AB399BFFF93433E54FAA480C191248FC556924A2A8351AE2638B3877,0.000530818214024069
1476,ibc/698350B8A61D575025F3ED13E9AC9C0F45C89DEFE92F76D5838F1D3C1A7FF7C9,0.000916173648702537
1476,ibc/D79E7D83AB399BFFF93433E54FAA480C191248FC556924A2A8351AE2638B3877,0.000904335367260467
1477,ibc/EA1D43981D5C9A1C4AAEA9C23BB1D4FA126BA9BC7020A25E0AE4AA841EA25DC5,52970518579527281845000000000.000000000000000000
1477,uosmo,86143360057988000000000.000000000000000000
1478,ibc/498A0751C798A0D9A389AA3691123DADA57DAA4FE165D5C75894505B876BA6E4,0.007479407880817837
1478,ibc/D79E7D83AB399BFFF93433E54FAA480C191248FC556924A2A8351AE2638B3877,0.000509086244806494
1479,ibc/498A0751C798A0D9A389AA3691123DADA57DAA4FE165D5C75894505B876BA6E4,0.000000674474607429
1479,ibc/56D7C03B8F6A07AD322EEE1BEF3AE996E09D1C1E34C27CF37E0D4A0AC5972516,74.395077663592509345
1480,ibc/1480B8FD20AD5FCAE81EA87584D269547DD4D436843C1D20F15E00EB64743EF4,0.000893635933556139
1480,ibc/498A0751C798A0D9A389AA3691123DADA57DAA4FE165D5C75894505B876BA6E4,0.004402072619369460
1481,ibc/498A0751C798A0D9A389AA3691123DADA57DAA4FE165D5C75894505B876BA6E4,0.007629137902526389
1481,ibc/71F11BC0AF8E526B80E44172EBA9D3F0A8E03950BB882325435691EBC9450B1D,3.921431521411976955
1482,ibc/498A0751C798A0D9A389AA3691123DADA57DAA4FE165D5C75894505B876BA6E4,0.000000076190594304
1482,ibc/64BA6E31FE887D66C6F8F31C7B1A80C7CA179239677B4088BB55F5EA07DBE273,1956.098824978500972683
1483,ibc/1DCC8A6CB5689018431323953344A9F6CC4D0BFB261E88C9F7777372C10CD076,0.014930052534796511
1483,uosmo,0.001024807411622777
1490,factory/osmo1z0qrq605sjgcqpylfl4aa6s90x738j7m58wyatt0tdzflg2ha26q67k743/wbtc,0.000003674449604318
1490,ibc/75345531D87BD90BF108BE7240BD721CB2CB0A1F16D4EBA71B09EC3C43E15C8F,1.461322166772948904
1492,ibc/498A0751C798A0D9A389AA3691123DADA57DAA4FE165D5C75894505B876BA6E4,0.000000008925471542
1492,ibc/A5CCD24BA902843B1003A7EEE5F937C632808B9CF4925601241B15C5A0A51A53,24.839148440038143859
1500,ibc/498A0751C798A0D9A389AA3691123DADA57DAA4FE165D5C75894505B876BA6E4,0.003276098163157270
1500,ibc/A4D176906C1646949574B48C1928D475F2DF56DE0AC04E1C99B08F90BC21ABDE,0.056972764980226861
1501,ibc/A4D176906C1646949574B48C1928D475F2DF56DE0AC04E1C99B08F90BC21ABDE,0.091319146910933029
1501,uosmo,0.002933557383262584
1502,ibc/498A0751C798A0D9A389AA3691123DADA57DAA4FE165D5C75894505B876BA6E4,0.043155437488475419
1502,ibc/B1C287C2701774522570010EEBCD864BCB7AB714711B3AA218699FDD75E832F5,43.645636419278883706
1503,ibc/B1C287C2701774522570010EEBCD864BCB7AB714711B3AA218699FDD75E832F5,112.925638311835188182
1503,uosmo,0.107133623267181789
1504,ibc/498A0751C798A0D9A389AA3691123DADA57DAA4FE165D5C75894505B876BA6E4,0.003778786858352960
1504,ibc/57AA1A70A4BC9769C525EBF6386F7A21536E04A79D62E1981EFCEF9428EBB205,0.004370244333572132
1507,ibc/178248C262DE2E141EE6287EE7AB0854F05F25B0A3F40C4B912FA1C7E51F466E,0.192189301917964987
1507,ibc/498A0751C798A0D9A389AA3691123DADA57DAA4FE165D5C75894505B876BA6E4,0.000038939867355272
1516,ibc/498A0751C798A0D9A389AA3691123DADA57DAA4FE165D5C75894505B876BA6E4,0.000000043297364523
1516,ibc/5D1F516200EE8C6B2354102143B78A2DEDA25EDE771AC0F8DC3C1837C8FD4447,17579.053797333517939560
1517,ibc/498A0751C798A0D9A389AA3691123DADA57DAA4FE165D5C75894505B876BA6E4,0.000000029797610117
1517,ibc/D27DDDF34BB47E5D5A570742CC667DE53277867116CCCA341F27785E899A70F3,5.982433899272143661
1565,ibc/0CD3A0285E1341859B5E86B6AB7682F023D03E97607CCC1DC95706411D866DF7,0.012497912464549474
1565,ibc/BB0AFE2AFBD6E883690DAE4B9168EAC2B306BCC9C9292DACBB4152BBB08DB25F,0.013988517351145138
1566,ibc/9A76CDF0CBCEF37923F32518FA15E5DC92B9F56128292BC4D63C4AEA76CBB110,0.002255392065763229
1566,ibc/D53E785DC9C5C2CA50CADB1EFE4DE5D0C30418BE0E9C6F2AF9F092A247E8BC22,0.002170055910212591
1580,ibc/10E5E5B06D78FFBB61FD9F89209DEE5FD4446ED0550CBB8E3747DA79E10D9DC6,9825.058756053350649506
1580,ibc/498A0751C798A0D9A389AA3691123DADA57DAA4FE165D5C75894505B876BA6E4,0.000000014651375005
1581,ibc/498A0751C798A0D9A389AA3691123DADA57DAA4FE165D5C75894505B876BA6E4,0.007281581816502279
1581,ibc/F867AE2112EFE646EC71A25CD2DFABB8927126AC1E19F1BBF0FF693A4ECA05DE,0.004248824149751766
1588,ibc/498A0751C798A0D9A389AA3691123DADA57DAA4FE165D5C75894505B876BA6E4,0.000000053065249132
1588,ibc/D3327A763C23F01EC43D1F0DB3CEFEC390C362569B6FD191F40A5192F8960049,8001.037823492088165058
1589,ibc/27394FB092D2ECCD56123C74F36E4C1F926001CEADA9CA97EA622B25F41E5EB2,0.000031836828261107
1589,ibc/FA602364BEC305A696CBDF987058E99D8B479F0318E47314C49173E8838C5BAC,0.000031774501068185
1590,ibc/42D24879D4569CE6477B7E88206ADBFE47C222C6CAD51A54083E4A72594269FC,0.000169758638362322
1590,uosmo,0.000188844163205894
1591,ibc/498A0751C798A0D9A389AA3691123DADA57DAA4FE165D5C75894505B876BA6E4,0.008790689234910233
1591,ibc/63A7CA0B6838AD8CAD6B5103998FF9B9B6A6F06FBB9638BFF51E63E0142339F3,0.015698767649977003
1594,ibc/498A0751C798A0D9A389AA3691123DADA57DAA4FE165D5C75894505B876BA6E4,0.003309014162439780
1594,ibc/C140AFD542AE77BD7DCC83F13FDD8C5E5BB8C4929785E6EC2F4C636F98F17901,0.000255187654510824
1598,ibc/BF685448E564B5A4AC8F6E0493A0B979D0E0BF5EC11F7E15D25A0A2160C944DD,0.025612468690161423
1598,uosmo,0.000852816451732459
1600,ibc/498A0751C798A0D9A389AA3691123DADA57DAA4FE165D5C75894505B876BA6E4,0.002279232913523530
1600,ibc/BF685448E564B5A4AC8F6E0493A0B979D0E0BF5EC11F7E15D25A0A2160C944DD,0.075778764291467879
1604,ibc/498A0751C798A0D9A389AA3691123DADA57DAA4FE165D5C75894505B876BA6E4,0.000000000944317149
1604,ibc/BD796662F8825327D41C96355DF62045A5BA225BAE31C0A86289B9D88ED3F44E,86.767215387878030618
1605,ibc/4017C65CEA338196ECCEC3FE3FE8258F23D1DE88F1D95750CC912C7A1C1016FF,0.019098916427353026
1605,ibc/498A0751C798A0D9A389AA3691123DADA57DAA4FE165D5C75894505B876BA6E4,0.007819844774482547
1609,ibc/27394FB092D2ECCD56123C74F36E4C1F926001CEADA9CA97EA622B25F41E5EB2,0.000140315729643370
1609,ibc/BF685448E564B5A4AC8F6E0493A0B979D0E0BF5EC11F7E15D25A0A2160C944DD,0.023421686288648772
1610,factory/osmo1z0qrq605sjgcqpylfl4aa6s90x738j7m58wyatt0tdzflg2ha26q67k743/wbtc,0.000012055697106741
1610,ibc/BF685448E564B5A4AC8F6E0493A0B979D0E0BF5EC11F7E15D25A0A2160C944DD,0.066897331889978449
1620,ibc/4017C65CEA338196ECCEC3FE3FE8258F23D1DE88F1D95750CC912C7A1C1016FF,0.019256850643268074
1620,uosmo,0.006427530498250237
1621,ibc/0B3D528E74E3DEAADF8A68F393887AC7E06028904D02173561B0D27F6E751D0A,0.017009954520375856
1621,uosmo,0.000722863582947750
1623,ibc/E7905742CE2EA4EA5D592527DC89220C59B617DE803939FE7293805A64B484D7,0.034114300516515341
1623,uosmo,0.001315693000012273
1636,ibc/0CD3A0285E1341859B5E86B6AB7682F023D03E97607CCC1DC95706411D866DF7,0.000240694692472824
1636,ibc/69110FF673D70B39904FF056CFDFD58A90BEC3194303F45C32CB91B8B0A738EA,0.005371036916498179
1637,ibc/69110FF673D70B39904FF056CFDFD58A90BEC3194303F45C32CB91B8B0A738EA,0.194132967636890416
1637,ibc/EA1D43981D5C9A1C4AAEA9C23BB1D4FA126BA9BC7020A25E0AE4AA841EA25DC5,0.000003183046368672
1645,ibc/BF685448E564B5A4AC8F6E0493A0B979D0E0BF5EC11F7E15D25A0A2160C944DD,0.020969449390974133
1645,uosmo,0.001180374173875064
1646,ibc/498A0751C798A0D9A389AA3691123DADA57DAA4FE165D5C75894505B876BA6E4,0.001663251389100381
1646,ibc/BF685448E564B5A4AC8F6E0493A0B979D0E0BF5EC11F7E15D25A0A2160C944DD,0.032821037080888438
1647,ibc/208B2F137CDE510B44C41947C045CFDC27F996A9D990EA64460BDD5B3DBEB2ED,0.025104511911321947
1647,ibc/498A0751C798A0D9A389AA3691123DADA57DAA4FE165D5C75894505B876BA6E4,0.001010491087283945
1648,ibc/44492EAB24B72E3FB59B9FA619A22337FB74F95D8808FE6BC78CC0E6C18DC2EC,0.022513989906068295
1648,ibc/498A0751C798A0D9A389AA3691123DADA57DAA4FE165D5C75894505B876BA6E4,0.014804002234099799
1650,ibc/44492EAB24B72E3FB59B9FA619A22337FB74F95D8808FE6BC78CC0E6C18DC2EC,0.003821643958662202
1650,ibc/498A0751C798A0D9A389AA3691123DADA57DAA4FE165D5C75894505B876BA6E4,0.002437999368484270
1651,ibc/498A0751C798A0D9A389AA3691123DADA57DAA4FE165D5C75894505B876BA6E4,0.009352086962325369
1651,ibc/AC6EE43E608B5A7EEE460C960480BC1C3708010E32B2071C429DA259836E10C3,0.017149126967581561
1652,ibc/498A0751C798A0D9A389AA3691123DADA57DAA4FE165D5C75894505B876BA6E4,0.000289849749667398
1652,ibc/613BF0BF2F2146AE9941E923725745E931676B2C14E9768CD609FA0849B2AE13,0.005512049099173584
1653,ibc/D1DD525F3226643940897A170DFDFC3727F5C4C43131C4D91EEF7D0E93F102B7,2.877856326769184582
1653,uosmo,0.000065833838272068
1655,factory/osmo17fel472lgzs87ekt9dvk0zqyh5gl80sqp4sk4n/LAB,0.010518122625708924
1655,uosmo,0.613390981334732753
1656,factory/osmo17fel472lgzs87ekt9dvk0zqyh5gl80sqp4sk4n/LAB,0.024455412982465986
1656,ibc/498A0751C798A0D9A389AA3691123DADA57DAA4FE165D5C75894505B876BA6E4,0.637253508372588984
1657,factory/osmo17fel472lgzs87ekt9dvk0zqyh5gl80sqp4sk4n/LAB,0.000091807423335767
1657,uosmo,0.004074681131998712
1664,ibc/3A0A392E610A8D477851ABFEA74F3D828F36C015AB8E93B0FBB7566A6D13C4D6,16.268738902206094950
1664,uosmo,0.000001106619839395
1670,ibc/094FB70C3006906F67F5D674073D2DAFAFB41537E7033098F5C752F211E7B6C2,0.037738418437343355
1670,uosmo,0.178579898916941599
1671,ibc/094FB70C3006906F67F5D674073D2DAFAFB41537E7033098F5C752F211E7B6C2,0.016850213055193515
1671,ibc/498A0751C798A0D9A389AA3691123DADA57DAA4FE165D5C75894505B876BA6E4,0.083899060317938927
1672,ibc/094FB70C3006906F67F5D674073D2DAFAFB41537E7033098F5C752F211E7B6C2,0.018560280731388678
1672,ibc/498A0751C798A0D9A389AA3691123DADA57DAA4FE165D5C75894505B876BA6E4,0.093669857993334193
1674,ibc/094FB70C3006906F67F5D674073D2DAFAFB41537E7033098F5C752F211E7B6C2,0.000011469153923566
1674,ibc/2CD9F8161C3FC332E78EF0C25F6E684D09379FB2F56EF9267E7EC139642EC57B,0.000011995251424241
1675,ibc/64BA6E31FE887D66C6F8F31C7B1A80C7CA179239677B4088BB55F5EA07DBE273,0.000085455619131497
1675,ibc/C04DFC9BCD893E57F2BEFE40F63EFD18D2768514DBD5F63ABD2FF7F48FC01D36,0.000072526892957459
1679,ibc/0E77E090EC04C476DE2BC0A7056580AC47660DAEB7B0D4701C085E3A046AC7B7,0.012404492173847682
1679,uosmo,0.000268932563870457
1696,ibc/AC6EE43E608B5A7EEE460C960480BC1C3708010E32B2071C429DA259836E10C3,0.002331702432050025
1696,uosmo,0.000885521436036397
1697,ibc/635CB83EF1DFE598B10A3E90485306FD0D47D34217A4BE5FD9977FA010A5367D,0.012207279742016133
1697,uosmo,0.000221232220816991
